Seq,DateListed,年度,類別,項目別,總計,民意代表_主管及經理人員,專業人員,技術員及助理專業人員,事務支援人員,服務及銷售工作人員,農_林_漁_牧業生產人員,技藝有關工作人員,機械設備操作及組裝人員,基層技術工及勞力工,其他,沒有換過工作,樣本數_人,母體數_人
1,"20230401","103","總計","-","100.000000000001","0.304378389388197","5.97880169364577","4.27742728317538","5.12537101321253","23.3473601678015","6.15675829379293","19.1634326205605","15.8943689686307","17.9274595483845","1.82464202140922","","30225.5864565936","235643.104494163"
2,"20230401","103","性別","男","100","0.339175453550728","3.2118670280485","3.07200759954918","2.31693186018553","14.958726973855","7.30366015181935","29.4611932091284","17.0105419170017","19.1055055999485","3.22039020691302","","16624.2180759134","129603.869860044"
3,"20230401","103","性別","女","100","0.261848525882543","9.36062014554827","5.75072210977853","8.5579173132178","33.6001626189234","4.75498545317599","6.57724574571457","14.5301537888327","16.4876214763455","0.118722822580691","","13601.3683806803","106039.234634123"
4,"20230401","103","年齡","15 ~ 19歲","100","0.0714203278683686","2.2238910856996","0.746322577670278","2.56999754873283","51.7030055340831","1.27375547693177","14.05136127998","9.99154099020329","17.3687051788309","0","","976.549929090396","7613.94440913662"
5,"20230401","103","年齡","20 ~ 24歲","99.9999999999996","0","6.00055207879811","4.75152492199576","6.50793794626341","42.0898019193981","1.65320365442119","12.7126181984948","11.7876620148767","13.583063184387","0.913636081364509","","3019.68096107369","23542.746216537"
6,"20230401","103","年齡","25 ~ 29歲","100","0.152169950482105","10.0117069263812","7.26125823887873","9.10351733944951","30.8657446267644","2.13265520813887","13.30735746684","13.3394422987717","11.1557273092602","2.67042063503334","","3777.53149267266","29449.5372196931"
7,"20230401","103","年齡","30 ~ 34歲","100","0.238586706685554","8.74611610290191","5.68580266675639","6.61401482122089","26.2266828002412","2.46775796198269","18.6045061620582","16.3340151154717","13.6970426508085","1.38547501187324","","4348.98387446459","33905.0111326193"
8,"20230401","103","年齡","35 ~ 39歲","100","0.263597717540952","6.81191025644719","5.38630318984297","6.59759425276351","20.7921712914011","3.02197261383597","21.5253165317382","16.6717178864666","16.6199040369664","2.30951222299721","","3985.74650895717","31073.7241075274"
9,"20230401","103","年齡","40 ~ 44歲","99.9999999999999","0.422582434380358","4.90740440295941","4.01923950625256","4.35912508730212","19.44116226979","5.15768941578377","22.4350502534343","17.8544485803345","19.4875454495927","1.91575260017022","","3734.83358892533","29116.8651503175"
10,"20230401","103","年齡","45 ~ 49歲","99.9999999999998","0.473576309376688","4.28662821566505","2.98738119058646","3.40348075999937","16.2986037821762","6.46532800171749","23.500155823046","18.3583738367887","22.3244981107229","1.90197396992095","","3722.9947708237","29025.2459497555"
11,"20230401","103","年齡","50 ~ 54歲","100","0.335742825428035","4.09722796912514","2.31472287597156","2.21793024565027","13.4106824060782","8.54768917151955","23.1130493666395","19.4190729791168","24.4956554749842","2.04822668548698","","3119.83512657264","24324.2289471465"
12,"20230401","103","年齡","55 ~ 59歲","99.9999999999998","0.640878597530435","2.9374246943583","2.10143504583387","2.91201059536131","11.2758741965932","16.1949214503165","20.5567031092888","16.6687873038154","24.2886660315686","2.42329897533337","","2166.27836377887","16888.0801259089"
13,"20230401","103","年齡","60 ~ 64歲","100","0.700529380389251","2.4480536456288","1.65859412654859","0.924309762978973","12.0958874065634","25.3271281874587","19.0410605622276","13.6870184615021","23.0253998263966","1.09201864030612","","985.065594742591","7679.13091500312"
14,"20230401","103","年齡","65歲及以上","100","0","4.04538924336378","2.6921665643988","0.557038863594657","7.97730266614933","48.951578998818","8.91888955725264","5.10074343020909","21.441364867791","0.315525808422587","","388.086245491996","3024.59032052134"
15,"20230401","103","教育程度","小學及以下","100","0.107408041980855","0.390406274421985","0.542462195815625","0.261532110277756","9.82286090952695","20.1525229654144","21.8649472777142","15.3665991011152","31.4671623270353","0.0240987966977142","","4107.71811374429","32023.8560358909"
16,"20230401","103","教育程度","國(初)中","100","0.137107526754482","0.486158928809215","0.756690420752002","0.734929106085762","14.2381410226538","7.62096728753666","29.3819020449285","18.651798654035","27.5957989488223","0.396506059622728","","7272.19785518235","56698.5471166591"
17,"20230401","103","教育程度","高級中等(高中、高職)","99.9999999999996","0.229219824810522","2.20776553995277","3.74145627016319","4.07992068153773","30.2184248715748","3.34454709986611","19.1977975392227","19.2817636313311","14.8989618764616","2.80014266507904","","12593.1623219555","98178.7722171691"
18,"20230401","103","教育程度","專科","100","0.780843410713921","19.820959482017","12.2667657616007","11.7976165505818","31.4876809240435","1.09520348960277","6.15779182286825","7.23864070536841","4.46263794764205","4.8918599055617","","2173.9375209442","16947.5022611449"
19,"20230401","103","教育程度","大學及以上","100","0.779173817073156","25.6688101597226","11.714274445922","17.5254589117918","27.6574019190396","0.830770736896278","5.04630236996309","5.66244037417826","3.57761723378511","1.53775003162825","","4078.57064476732","31794.4268633025"
20,"20230401","103","婚姻狀況","未婚","99.9999999999993","0.139976339472635","7.65420573404899","5.37459749014361","7.02836042486034","32.8433511984067","2.4866399227308","16.9686430891945","12.8350994182572","13.1337451691621","1.53538121372242","","10790.809738809","84125.0629637021"
21,"20230401","103","婚姻狀況","有配偶","100","0.427411426752827","5.53092248482672","3.92139165886533","4.33453772688289","17.3924492091507","8.28599649354303","20.9472963866566","17.7040688558745","19.3584819631041","2.09744379434358","","16339.0522564285","127385.055797693"
22,"20230401","103","婚姻狀況","離婚或分居","100","0.311428819157763","2.26738127032464","2.7187011250638","3.06342326609907","23.0636426861912","4.67477355254026","19.5236379314551","17.2909011057286","25.4326137992931","1.65349644414654","","2266.75595114473","17671.2027300708"
23,"20230401","103","婚姻狀況","喪偶","100","0","3.14597836023203","1.27495429303449","1.57965226952482","17.8890293225686","16.0153785766162","11.5856419528363","16.2277320542989","31.6010155173858","0.680617653502958","","828.96851021141","6461.78300270015"
24,"20230401","103","個人每月收入","未滿1萬元","100","0.162794528546096","1.24261221436884","2.17045375884993","3.31512977152492","24.2460965744343","17.1570182165711","12.882968489432","9.94765313818043","27.8657511368682","1.00952217122415","","1515.00186585482","11815.1919202012"
25,"20230401","103","個人每月收入","1萬元 ~ 未滿2萬元","100","0.0520458924030237","2.7172173573077","2.25344252505907","2.45058101144559","25.0391422042531","14.965741927382","13.6687861619832","11.3564928088377","26.4702804951838","1.02626961614484","","4887.34693105412","38104.6028014754"
26,"20230401","103","個人每月收入","2萬元 ~ 未滿3萬元","99.9999999999999","0.156744122085107","3.20525922557511","3.83312046374072","6.16581963963347","29.640954166013","4.30229026465374","15.2365999768198","16.8605034140522","19.0825440600183","1.51616466740837","","11505.5357537143","89701.5070236694"
27,"20230401","103","個人每月收入","3萬元 ~ 未滿4萬元","99.9999999999998","0.213166025783784","8.44784605688191","5.78315192740634","5.67819793298128","16.255493212468","3.4068682514932","26.4485777193099","17.4174030310856","13.9930557468373","2.35624009575249","","7612.28354147834","59339.7067611918"
28,"20230401","103","個人每月收入","4萬元 ~ 未滿5萬元","99.9999999999996","0.681860843397943","11.6826110574665","5.73125139101822","5.63204848790226","10.9649827888391","2.24280841737556","31.3227808733257","18.8599852818015","11.067775245487","1.81389561338589","","2894.24479627222","22563.6245594908"
29,"20230401","103","個人每月收入","5萬元 ~ 未滿6萬元","100","1.39736278865494","16.6707333094268","5.0764933606522","4.51704450790083","23.0849478283777","2.49529008042345","16.7350656863425","17.8449944803302","8.31817240579313","3.85989555209829","","1093.30723334261","8523.99701839006"
30,"20230401","103","個人每月收入","6萬元 ~ 未滿7萬元","100","0.545984487076842","13.4342370492729","5.86029336592105","2.62029612489194","39.4177324975639","1.95103719075468","10.9809725036828","14.5947092850751","5.12984489210595","5.46489260365489","","429.363147700442","3346.69511598208"
31,"20230401","103","個人每月收入","7萬元及以上","99.9999999999999","5.33194101020618","22.7648174504307","7.6634429401712","4.81945846453772","27.3719961261282","5.04087784763062","9.04022563428549","10.0854501940919","2.99205886409013","4.88973146842773","","288.503187176864","2247.77929376582"
32,"20230401","104","總計","-","100.000000000001","0.162755817983664","6.3702051522344","4.56272501964662","5.83057984772553","23.6529613860011","5.54244408048975","19.214708373636","16.9681775958799","15.5939159019026","2.10152682450099","","30945.3724111569","237395.248278043"
33,"20230401","104","性別","男","99.9999999999994","0.233399401742959","3.36192146913642","3.33288567678268","2.8585241012142","15.144067325006","7.03332486422926","29.7318031232619","18.027089237685","16.6818794033486","3.59510539759247","","17035.1238284832","130679.532583005"
34,"20230401","104","性別","女","100.000000000001","0.0762486859691593","10.0540215706872","6.06873404025725","9.47003307385225","34.0725916292796","3.71677479938008","6.33592086740001","15.6714793776601","14.2616420103734","0.272553945142214","","13910.2485826735","106715.715695039"
35,"20230401","104","年齡","15 ~ 19歲","99.9999999999999","0","0.867928138374891","1.30500087637767","1.18618036313128","52.0663913922311","1.3354868589499","16.5146878698734","10.0446537832495","16.6796707178122","0","","947.468677960354","7272.77431080375"
36,"20230401","104","年齡","20 ~ 24歲","100.000000000001","0.0288086672018231","6.70134405933926","5.38577600043467","6.80754906278322","44.934129810234","1.58036239706178","12.1511751189046","10.9463136111588","10.4816556890434","0.982885583839151","","3055.50428449792","23443.4782814656"
37,"20230401","104","年齡","25 ~ 34歲","100","0.120498166664863","9.64285272373757","7.81986734632212","9.55264432131811","31.25243131801","2.00657452886037","12.4060699789206","14.8115191506473","9.48802451907338","2.89951794644591","","4025.1758929337","30874.2320999868"
38,"20230401","104","年齡","30 ~ 34歲","100","0.115361812001579","9.45067641916581","5.36046654266528","8.07891456941882","26.4506023238127","1.97580431170682","16.9720397302043","17.8270254957973","11.4250342620139","2.34407453321378","","4435.27570876347","34024.0086891948"
39,"20230401","104","年齡","35 ~ 39歲","100.000000000001","0.180896482017454","7.0727826259492","5.34974497743383","7.29895019893119","19.9364461167578","3.85069858942237","18.636755643178","19.3861551416914","15.6871536849231","2.60041653969614","","4179.90984522367","32063.4336639422"
40,"20230401","104","年齡","40 ~ 44歲","100","0.120275517567998","5.85445783599533","4.25795454980906","5.83551092537517","20.2708512004061","4.48560505507634","23.1323327155808","18.3219973132937","15.5477120636374","2.17330282325822","","3767.19481547802","28900.2012864856"
41,"20230401","104","年齡","45 ~ 49歲","99.9999999999999","0.20559219402595","4.84447492694019","3.78146507016725","4.15429439904585","16.3780135314557","6.6303477534426","23.2877814434778","20.1634944251442","18.7567875324117","1.79774872388873","","3695.80598625986","28352.1525146094"
42,"20230401","104","年齡","50 ~ 54歲","99.9999999999997","0.283066365934423","4.2393142693511","2.87007842051571","2.41166350860281","13.311456464631","8.1295051003384","27.035061906645","19.600733100485","20.1187705287934","2.00035033470301","","3229.48271966525","24773.8540948954"
43,"20230401","104","年齡","55 ~ 59歲","100","0.220494674003832","3.53353395471823","2.05362788715652","2.98612965729842","10.0676130396892","12.0048794553933","23.6280320203491","18.0455068681387","25.2364972614148","2.22368518183799","","2206.34874251672","16928.0142939783"
44,"20230401","104","年齡","60 ~ 64歲","100","0.370416365495542","2.66909897135451","1.70603316254197","1.84813223081969","11.6719638061763","22.67400417093","20.6043018340387","12.9136222270334","23.5972027772936","1.94522445431634","","1034.29415051908","7933.66113163906"
45,"20230401","104","年齡","65歲及以上","100","0.539913870086994","3.61775493677919","0.847706618095502","0.249854538661587","12.7071778910057","40.3683795053445","12.8895824818866","6.49041830718192","19.8908233695864","2.3983884813716","","368.911587338637","2829.4379110431"
46,"20230401","104","教育程度","小學及以下","100","0","0.309955228061197","0.540238722226266","0.218366032687443","9.05371154424885","17.226478751457","25.6074506943271","16.6504325528946","30.2085712627169","0.184795211380684","","3721.23646056284","28553.0521610227"
47,"20230401","104","教育程度","國(初)中","100","0.0711022913658739","0.479964288477785","0.974287673810378","1.09431701764344","14.6282861489246","7.30132523766515","30.1362857595165","20.6013713037775","24.2004226391432","0.512637639675602","","7374.04985860354","56558.6104041407"
48,"20230401","104","教育程度","高級中等(高中、高職)","100","0.227471746535329","1.98565476386602","3.82685556293943","4.65156423758987","30.0304487839627","3.55098299462961","18.9320125397344","20.3054132066387","13.2247068701195","3.26488929398444","","12913.1120802994","99061.3899145957"
49,"20230401","104","教育程度","專科","100","0.165981392202305","22.6031574314144","13.1689904967575","13.0623915580695","29.7105924923134","1.05278762286566","4.85518430744113","7.59966885832128","2.73354096164375","5.04770487897103","","2166.06838242641","16615.8388306548"
50,"20230401","104","教育程度","大學及以上","99.9999999999998","0.254721429700243","24.6948367945597","11.3295065970843","17.4338810336844","28.9761036263066","1.13833431237676","4.63686425833356","6.82400062144706","3.14574954292561","1.56600178358163","","4770.90562926456","36606.3569676303"
51,"20230401","104","婚姻狀況","未婚","100","0.0837879223670404","7.71167709368529","5.74012234626929","7.53420872108339","32.9711780000283","2.27694762381517","16.2636979212575","14.2600023382588","11.2042102098408","1.95416782339499","","11570.820539952","88764.9512560709"
52,"20230401","104","婚姻狀況","有配偶","100","0.23833999940663","6.20372068945437","4.06034448399107","5.12485840143876","17.3986161708668","7.4154683599254","21.0751334954804","18.8848956482759","17.2727807507661","2.32584200039467","","16521.9608953421","126747.073925024"
53,"20230401","104","婚姻狀況","離婚或分居","99.9999999999998","0.0615906219537638","1.6002807037715","3.22100874471432","3.32247820736214","23.0917001456928","5.83410734026532","22.6188787630738","17.5590378378923","20.9514194639307","1.73949817134315","","2097.70106021027","16092.2136949969"
54,"20230401","104","婚姻狀況","喪偶","100","0","2.70665913172151","1.23944110394256","2.13286559322098","19.2704521163592","13.791054327126","14.2694947049752","14.8863973074351","31.2469232088662","0.456712506353421","","754.889915652455","5791.00940195153"
55,"20230401","104","個人每月收入","未滿1萬元","100","0","2.92883307767563","1.96910821938415","4.0492040380806","25.5922552101211","16.0656730575459","11.4481628576898","10.8483705492394","26.3015502437246","0.796842746538926","","1083.97157172886","8314.39433635557"
56,"20230401","104","個人每月收入","1萬元 ~ 未滿2萬元","100","0.0167795116318791","1.63143505938585","2.39706064460786","2.09868642817205","26.1825440655822","13.7955056590429","14.2172057640733","12.4268563603788","26.0096609615565","1.22426554556895","","4168.05846445077","31974.9069225037"
57,"20230401","104","個人每月收入","2萬元 ~ 未滿3萬元","100.000000000001","0.0294204087151691","2.98656854295295","4.24449272591325","6.72456139068498","30.3037251106567","4.55067547326911","14.0693155858533","18.7879340827477","16.24192285658","2.06138382262758","","12019.2515317261","92198.8918180396"
58,"20230401","104","個人每月收入","3萬元 ~ 未滿4萬元","100","0.192168116172512","8.07290842125683","5.26518950677505","6.14718035608863","17.6996951664888","3.20252889761186","26.6159713757419","17.4510190934418","12.7574001548293","2.59593891159335","","8445.24592254678","64789.5543072801"
59,"20230401","104","個人每月收入","4萬元 ~ 未滿5萬元","100","0.320968674593009","14.2119130948715","5.93323937941847","6.94320715277541","10.3536819558544","2.76183273280034","30.1752539839757","16.7110748338152","10.199813336567","2.38901485532911","","3109.41373967579","23857.2421990346"
60,"20230401","104","個人每月收入","5萬元 ~ 未滿6萬元","99.9999999999999","0.496129257606626","17.0933592135405","7.00755504500927","7.27583728373843","17.7841134884551","3.70484099416538","18.7819799498694","19.1077550081087","6.78900256351368","1.95942719599277","","1357.92927951186","10418.3466374845"
61,"20230401","104","個人每月收入","6萬元 ~ 未滿7萬元","99.9999999999999","1.06075751571124","17.2008902390094","6.27573143554542","4.00863433640431","37.9323880323516","1.90718718972417","14.5283035570454","13.2133883135618","1.8252888867274","2.04743049391911","","463.575452958318","3555.26275731447"
62,"20230401","104","個人每月收入","7萬元及以上","100","2.77277898975892","25.8221709083868","9.10282035971315","4.11522072391971","25.0392273092792","1.19707939777029","9.99821356217236","14.440619997025","3.05733333771751","4.45453541425714","","297.926448558202","2286.6493000309"
63,"20230401","105","總計","-","100.000000000002","0.349552509407734","6.53118492964309","6.42941870443947","3.38429409941865","16.5438530888513","4.27737313739361","4.96624056867894","4.26455541308943","25.9080386793238","5.90400056714654","21.4414883026091","",""
64,"20230401","105","性別","男","100","0.434367356092441","5.40834862935886","5.46277780904414","1.53894868206485","11.4522554213523","4.79315823015571","6.14154262418848","4.97593521138401","30.5455097444967","6.90311531807038","22.3440409737922","",""
65,"20230401","105","性別","女","99.9999999999996","0.251012898066994","7.83571894643553","7.55248172773741","5.52825388150009","22.4593746616694","3.67812354180012","3.60075077196431","3.43805991637297","20.5201306157174","4.74320875899963","20.3928842797357","",""
66,"20230401","105","年齡","15 ~ 19歲","100","0","0","1.70742223203445","0.760767827278637","24.7608130532492","0","2.74298358587491","0","18.6344104664413","6.50928011286419","44.8843227222573","",""
67,"20230401","105","年齡","20 ~ 24歲","99.9999999999995","0","2.5343225930492","5.38497551610177","3.23903656025057","28.9626808106404","0.399936870616068","4.6161410032363","1.89837265551298","16.7250248111158","3.1914520343908","33.0480571450857","",""
68,"20230401","105","年齡","25 ~ 29歲","99.9999999999998","0.24558045499025","7.28679931991211","5.72838081691699","5.32717854191439","25.0890851574829","1.83159207767407","3.91310812602056","3.57147609747591","20.8690591043282","5.18126537171213","20.9564749315722","",""
69,"20230401","105","年齡","30 ~ 34歲","100","0.448266633311375","9.62210858680747","7.96577350629297","3.04010110151753","18.5499524835007","2.92154586183234","4.34193539013062","5.07187422711679","21.5307553082969","6.74780277069299","19.7598841305006","",""
70,"20230401","105","年齡","35 ~ 39歲","99.9999999999999","0.224388474431919","7.70596303050962","8.18396484665685","4.70020581981677","20.2511294478629","1.48014160003383","5.33122251742014","4.61519089648798","26.6214823553996","6.38571275008407","14.5005982612962","",""
71,"20230401","105","年齡","40 ~ 44歲","99.9999999999994","0.446131569861031","6.14699063126762","6.80196492437133","5.05268971602891","13.394003324613","3.31444695659032","6.6050260684394","4.43370621265365","26.1677043911295","6.8145246790196","20.8228115260251","",""
72,"20230401","105","年齡","45 ~ 49歲","99.9999999999999","0.525270699845788","7.5117690309714","7.97149842446122","1.92490184196466","13.3383842347645","4.90898080067614","2.82810343994872","5.61443663513409","29.9409142109849","4.88453823259096","20.5512024486576","",""
73,"20230401","105","年齡","50 ~ 54歲","100","0.244979301006868","6.32667032968405","5.31994698400813","2.13230230443","8.14430980906494","5.24008008216468","7.06192272357644","5.31590380958655","31.5645795810709","7.80904733784716","20.8402577375603","",""
74,"20230401","105","年齡","55 ~ 59歲","99.9999999999996","0.603976976222512","4.14986708839582","5.41227916330451","2.80571706496785","5.00555324788519","8.06964014292422","7.24558264066138","6.29395715622823","37.2978599118945","6.18355227900812","16.9320143285073","",""
75,"20230401","105","年齡","60 ~ 64歲","99.9999999999996","0.988631168349945","7.82773976478115","4.76088400712374","2.68720971017396","10.1981103899762","14.2349439886089","4.95366779102498","1.60267758932008","26.9604720970121","4.18104914804674","21.6046143455819","",""
76,"20230401","105","年齡","65歲及以上","100","0","4.86128888267811","4.40206602641176","0","3.10787941605554","22.4073291120535","1.19100341307334","5.53415928394662","31.9973444342732","7.55371637235505","18.9452130591531","",""
77,"20230401","105","教育程度","不識字","100","0","0","8.63506944411004","0","0","24.2445655463794","0","2.69055784215026","37.981551110795","5.6677191391282","20.7805369174371","",""
78,"20230401","105","教育程度","自修","100","0","16.6016181882589","0","0","0","13.8255370730732","0","0","52.2937331834305","0","17.2791115552373","",""
79,"20230401","105","教育程度","國小","100","0","1.78357927443312","3.39002822867967","0.631113347080342","5.57131576302838","13.6179874000215","7.12587418601621","4.98295760539766","37.3678314062858","4.15456585662971","21.3747469324276","",""
80,"20230401","105","教育程度","國初中","100","0.103679180966782","1.46649632878599","3.89177851435626","0.537827268032752","11.3676369709134","6.78641586161591","7.35269595429189","6.43811281017845","41.006924788175","3.07903662773983","17.969395694944","",""
81,"20230401","105","教育程度","高中","100.000000000001","0.121355531693089","3.8658861277283","5.756238425779","1.63861754086488","19.6484015641669","2.84570543424155","3.88277086512466","4.52609978518485","26.5809596803251","7.46619137964924","23.667773665243","",""
82,"20230401","105","教育程度","高職","100.000000000001","0.264633820899182","5.1289276479762","6.12919975211755","3.03588607943622","24.3679918683118","1.71221594132154","5.98471692096249","4.68893814642183","24.9547467330462","5.72908987972153","18.0036532097863","",""
83,"20230401","105","教育程度","專科","100","0.423207943713887","17.6922940566104","12.6953073490401","5.79362575969967","14.8125989575999","1.86960496536701","3.5014859061082","3.26453643213208","11.1561372080522","8.63803933328207","20.1531620883944","",""
84,"20230401","105","教育程度","大學","100","0.986599422251811","11.5898244366222","10.0173183581669","9.83225021943364","19.3293056664687","0.551480745903888","2.33713069700709","1.7396977328371","10.5803231575212","6.18644072677133","26.8496288370164","",""
85,"20230401","105","教育程度","研究所以上","100","2.91707849249871","42.1085476069502","2.57526005576289","7.42157673825364","8.23054005589454","1.62446041690127","1.57148210342127","0","1.087790482662","13.0576402896425","19.4056237580129","",""
86,"20230401","105","婚姻狀況","有配偶","100","0.548547319229327","7.81271605583402","7.16633702140623","3.03588653268651","13.0956447366917","5.38665043010445","5.12011204451034","4.3497455765951","27.6242361810131","6.87768559814339","18.9824385037858","",""
87,"20230401","105","婚姻狀況","未婚","100.000000000001","0.136062187136124","5.24202539509934","5.87719486728986","4.28255798880024","23.3354775008439","1.46001097183163","4.78545406009799","3.97930071664161","20.3632539607446","4.69943245231684","25.8392298991985","",""
88,"20230401","105","婚姻狀況","離婚","99.9999999999998","0","3.72979926748486","5.84445667665163","2.33407355058631","15.9930709500622","4.38443579963703","4.66949703242797","5.31112969773897","32.4562194508085","5.07610069394499","20.2012168806573","",""
89,"20230401","105","婚姻狀況","喪偶","99.9999999999999","0","4.19960671445474","0.475635044831752","2.73916253858392","9.38387570478948","11.0638244366313","5.04789824360904","4.62898209195448","36.8025657758364","4.54198049823472","21.1164689510741","",""
90,"20230401","106","總計","-","99.999999999997","0.145677657680574","7.75368788683356","4.96066978647726","5.86791323210995","24.6373727428483","6.70827453865058","17.246543978317","13.7560911111209","16.5189563221706","2.40481274378829","","28985.9717949819","248676.461122412"
91,"20230401","106","性別","男","99.9999999999993","0.154989620076275","3.8632071027808","4.27779761864037","2.88948764872529","15.7463384790347","8.5201049898664","26.6536392902457","16.3346727021598","17.2001389113354","4.3596236371345","","15420.5741519573","132297.179049921"
92,"20230401","106","性別","女","99.9999999999998","0.135092041972771","12.1762932141082","5.73694250313045","9.25371606294824","34.7444874370792","4.64862909880962","6.55278345102106","10.8248213492748","15.7446042780654","0.182630563590021","","13565.3976430254","116379.282072483"
93,"20230401","106","年齡","15 ~ 19歲","100","0","2.08308135224275","1.17812634496015","2.53033159947479","53.3013666414106","2.96629420972615","14.3256332653158","4.46521369938727","19.0442446838498","0.105708203633065","","818.392662506614","7017.03718476257"
94,"20230401","106","年齡","20 ~ 24歲","100.000000000001","0","8.39602660305976","5.68333051866943","6.93824449538264","46.3631880751119","1.31275565235304","12.1533138999453","7.05022844968901","11.3848125493384","0.718099756451459","","2909.22259272875","24958.9535123851"
95,"20230401","106","年齡","25 ~ 29歲","99.9999999999985","0.126626728247653","10.6201671397755","7.65705941131284","9.63066746561618","34.2514605809775","2.58649517945458","9.49396458478632","10.8736922188977","11.4520876536834","3.30777903724681","","3775.03134001908","32389.8028712276"
96,"20230401","106","年齡","30 ~ 34歲","100","0.0396794805777263","10.1593474186089","6.92259464402993","7.79263497046862","27.4749828549296","3.3830519479117","14.3226607779808","14.5820831951426","12.9196342343833","2.4033304759672","","3611.65743760245","30986.2157069288"
97,"20230401","106","年齡","35 ~ 39歲","99.9999999999999","0.0488534336351681","9.91103769681179","5.79734893114018","6.13131984359046","21.6897041663823","3.99251670327782","18.8025692087415","15.8789794150478","15.4013793002467","2.34629130112615","","3975.56100725478","34112.0140917137"
98,"20230401","106","年齡","40 ~ 44歲","100.000000000001","0.222239113883985","8.4023566759435","4.87213938435122","6.05694023128517","20.8799300253878","5.41215397876928","19.0631766015722","13.8337623041633","18.0488823176055","3.20841936703937","","3559.98865103382","30532.6938683857"
99,"20230401","106","年齡","45 ~ 49歲","99.9999999999999","0.291417465926937","7.49907797481839","4.27003006286794","5.37625080563647","17.8457490923132","6.86247295400258","20.2800005207057","16.0624030310415","18.5376559476775","2.97494214500955","","3357.54684198488","28802.5823342789"
100,"20230401","106","年齡","50 ~ 54歲","99.9999999999995","0.212423480783092","4.36942781081805","3.00934076364196","2.97794898024889","14.1363357011153","9.1897557618595","24.3765810255513","17.8063325245474","21.4622299583285","2.4596239931056","","2972.34533408606","25500.554219514"
101,"20230401","106","年齡","55 ~ 59歲","99.9999999999996","0.22444887947332","3.34051967849763","2.46144682607539","3.20465211906415","12.1679277989279","14.7149621074805","22.2937604312899","17.650865985671","21.516624861846","2.42479131167374","","2236.95673256164","19191.8346104968"
102,"20230401","106","年齡","60 ~ 64歲","99.9999999999993","0.279859934611707","3.92846093624563","1.62992113441226","2.25310261287374","10.056474315217","21.3607254146443","21.1624605317155","13.8682248003006","23.9607085565433","1.50006176343523","","1239.20380576501","10635.1016114316"
103,"20230401","106","年齡","65歲及以上","100","0.296550701486419","3.79450525493149","2.230626543105","0.998907321197802","9.32638703440873","40.2192772251697","11.3282681329473","9.33657057488644","20.5234004247797","1.94550678708759","","530.065389439823","4549.67111127877"
104,"20230401","106","教育程度","小學及以下","99.9999999999993","0","0.335180312057884","0.307202460278194","0.248000838931887","9.57154095513273","21.7605649668506","22.8585616308974","14.2004158309865","30.4394136044054","0.279119400458658","","2933.30188193989","25186.0668209406"
105,"20230401","106","教育程度","國(初)中","100","0.0338974624900713","0.782006197271058","1.07645418045731","0.525630727306422","16.2192111202267","9.27161871699268","28.8847560183394","17.0432392304341","25.7142857298214","0.44890061666132","","6140.95480318334","52672.0161383316"
106,"20230401","106","教育程度","高級中等(高中、高職)","100","0.118658047508077","2.51685931473422","3.25626794159989","4.73106418396003","29.6992619188276","5.13996161628471","17.5614108183339","17.1213971810347","15.9405885790204","3.9145303986966","","12107.9709400446","103873.270471118"
107,"20230401","106","教育程度","專科","100","0.477822130247228","23.4814847769752","10.8666339615894","10.5522926785833","30.4918697769792","1.98150879494285","6.61157658172677","5.89225742060466","5.2441665291796","4.4003873491719","","2244.5871799139","19257.7561910922"
108,"20230401","106","教育程度","大學及以上","100","0.270805040108838","24.4277107812656","13.0361482867071","15.3213606675137","28.5023626234624","1.25207293297904","5.03673645331922","5.73599658887002","4.82331823920167","1.59348838657286","","5559.15698990126","47687.3515009196"
109,"20230401","106","婚姻狀況","未婚","100","0.106584857086692","8.8134921339343","6.3501402274022","7.72950767803091","34.5094501736492","3.25390312235544","14.1248179641821","9.98089228505435","13.3862918281189","1.74491973018622","","10365.3166693062","88928.1335853862"
110,"20230401","106","婚姻狀況","有配偶","100.000000000001","0.188219035327228","7.56709365988308","4.52338532163037","5.1964738699444","18.5439937654046","8.78836041667033","19.0014984890449","16.1419618212741","17.1637705316598","2.88524308916174","","15411.8576597152","132211.230471968"
111,"20230401","106","婚姻狀況","離婚或分居","100","0.0924241628328922","5.65901381173847","2.84247693071638","3.67385248011043","23.899682275539","5.1984597506667","20.7719947633783","14.2188041531704","20.9666383222553","2.67665334959211","","2349.87609985244","20162.9276527176"
112,"20230401","106","婚姻狀況","喪偶","99.9999999999999","0","4.04590766707177","1.83623295484392","1.45553737229233","16.8509651546173","15.2004005231657","13.7886852039682","15.2413883664898","30.5750527253414","1.00583003220942","","858.921366109218","7374.16941232908"
113,"20230401","106","個人每月收入","未滿1萬元","100","0","2.91480119035341","1.42827745921193","3.61005982601814","25.2039116010507","18.7535750464605","11.3148517240169","10.9936169602876","24.6414229786428","1.13948321395806","","930.803914036471","7976.91249217853"
114,"20230401","106","個人每月收入","1萬元 ~ 未滿2萬元","99.9999999999997","0","2.54998436982686","1.82339611347087","2.21630171877561","26.3156119366055","15.3514067147582","12.7964998466398","10.7226526612878","27.3830868950644","0.841059743570661","","3262.73142322148","27973.5026242376"
115,"20230401","106","個人每月收入","2萬元 ~ 未滿3萬元","100","0.0200638953019959","4.14367908650979","3.36848905241381","6.2321038937162","31.513232071798","6.40458836706246","13.7910856838606","12.9965227538721","19.6716662600038","1.85856893546135","","11346.0205410735","97363.2698116598"
116,"20230401","106","個人每月收入","3萬元 ~ 未滿4萬元","99.9999999999999","0.0519973733496338","10.1982579736555","6.78725881263465","6.93329081655664","19.2095544481943","4.51263482141712","22.7538000662552","14.4297912763665","12.0970129139493","3.02640149762108","","8195.28012841303","70314.1146423339"
117,"20230401","106","個人每月收入","4萬元 ~ 未滿5萬元","100","0.429435559566809","14.3419272895225","7.2638153249562","6.62858866537551","13.7385897571534","3.4783670996604","24.4643439317551","17.4187132760685","9.36378395707449","2.87243513886722","","3034.41835227345","26034.9179037476"
118,"20230401","106","個人每月收入","5萬元 ~ 未滿6萬元","100","0.567539517913728","16.1858931130799","8.48814981555348","6.50850974412287","19.6227780219795","3.85968494899303","16.6100118078354","16.4522257107535","7.62668517014451","4.07852214962442","","1299.05630012832","11145.9483733142"
119,"20230401","106","個人每月收入","6萬元 ~ 未滿7萬元","99.9999999999999","1.49582930559958","17.441395148633","11.6748484417844","3.91984577006877","23.544352967041","1.70200251302523","10.9301363775349","15.8911752934179","6.69298869264764","6.70742549024753","","534.374670282295","4582.05775022045"
120,"20230401","106","個人每月收入","7萬元及以上","100","1.90039144935868","24.1265817696925","8.74548944743309","3.37158296422112","26.2632051766904","2.11075197209287","7.87970386979561","13.2302864776289","6.09048299136426","6.28152388172285","","383.286465554362","3285.73752471018"
121,"20230401","108","總計","-","100","0.356485795982957","8.07793536996364","5.50630331264836","6.11201113307357","27.4678136405208","4.39039386909965","15.2747272869205","13.0354876357542","16.2134057548507","3.56543620118559","","28236.1881145839","259407.25"
122,"20230401","108","性別","男","100","0.393503060272748","4.11347752580582","5.0669727859244","2.63291996195585","19.0756081452742","5.77855288743678","23.4801197250078","15.2721131611045","18.4687046409078","5.71802810631021","","14793.5586796913","135894.75"
123,"20230401","108","性別","女","100","0.315757514421617","12.4398340248963","5.98967715818237","9.93988462706204","36.7013460176096","2.86307053941909","6.24673616030766","10.5746381945147","13.7320109300678","1.19704483351887","","13442.6294348924","123512.5"
124,"20230401","108","年齡","15 ~ 24歲","100","0.15982735400542","6.02638368300638","4.80780152201074","6.56346849697383","50.8964935338883","1.58123610637849","9.11097048467442","6.06857161401288","13.0896169011342","1.69563030391536","","3351.84674071953","30814.5"
125,"20230401","108","年齡","15 ~ 19歲","100","0","1.68643870667597","1.22509110645887","2.94642164844537","60.8280995580368","2.078002636272","10.3318601225091","4.03582228425215","16.6782972784368","0.189966658912926","","701.534629286628","6448.5"
126,"20230401","108","年齡","20 ~ 24歲","100","0.202125913157679","7.17495690716572","5.75597143560699","7.52072560124764","48.2680784699992","1.44976606747107","8.78786013297217","6.60654190265124","12.1398670278257","2.09410654190265","","2650.31211143291","24366"
127,"20230401","108","年齡","25 ~ 34歲","100","0.407258675556903","11.1263070162146","7.68108804364298","8.45393241400212","34.109334747689","1.71427489013487","10.5497045006819","9.13358084558266","12.7375359903016","4.08698287619336","","7181.29927955121","65990"
128,"20230401","108","年齡","25 ~ 29歲","100","0.326564789616914","12.2538552787663","7.77475402972577","8.73839927430047","36.3980182820459","1.30835252250366","10.3300537296769","7.55355522992115","11.3348684669597","3.98157839648315","","3897.52249076213","35827.5"
129,"20230401","108","年齡","30 ~ 34歲","100","0.503108164111065","9.78698715292167","7.5698300870286","8.1160381268131","31.3907998342312","2.19643597181931","10.8106092001658","11.0103605470369","14.403646912557","4.21218400331538","","3283.77678878912","30162.5"
130,"20230401","108","年齡","35 ~ 44歲","100","0.349370219024032","9.24129958404823","5.92868457539629","6.24769068114389","25.1711182407838","2.5337572114769","15.8573837841002","13.935664663123","16.2722380546481","4.46279298625567","","7439.00403212943","68337.25"
131,"20230401","108","年齡","35 ~ 39歲","100","0.306729351160102","9.50376314678003","6.22044354587439","6.7674326822547","26.5725937670934","1.89022828141552","14.9729621192713","13.3216088404523","16.4304458307657","4.01379243493253","","3929.64831367694","36106.75"
132,"20230401","108","年齡","40 ~ 44歲","100","0.397139355579343","8.9472704425932","5.60183676951955","5.66544111943656","23.6010921332278","3.25468112502133","16.8481717627713","14.6235708412839","16.0950031802175","4.96579327034951","","3509.35571845226","32230.5"
133,"20230401","108","年齡","45 ~ 54歲","100","0.373604549158611","6.6799068437763","4.55093980023957","5.50254042187479","20.3077895880553","5.23892433951258","19.0404730839965","17.0112526662184","18.2180087189238","3.07655998824415","","6111.76253451712","56142.25"
134,"20230401","108","年齡","45 ~ 49歲","100","0.428600412538464","7.16785581442532","4.95806986102188","5.99702431271768","23.123288134447","4.10763196158658","18.7544381699523","15.9241537889291","17.0121394515267","2.52679809285497","","3218.31207756378","29573"
135,"20230401","108","年齡","50 ~ 54歲","100","0.312391204117542","6.13679347365846","4.09778221063824","4.95215333515248","17.1739887275704","6.49811342058959","19.3588452816696","18.2212520112536","19.5602058770948","3.68847445825531","","2893.45045695342","26569.25"
136,"20230401","108","年齡","55 ~ 64歲","100","0.460588939724261","4.33798016396966","2.95237510363251","2.37970952190868","11.8532563638039","10.9512696901772","23.4908035741702","18.8012405195443","21.4289004206712","3.34387570239813","","3546.57818491783","32567"
137,"20230401","108","年齡","55 ~ 59歲","100","0.533794818046652","4.6481585297487","2.97121407853365","2.46179345309187","12.332122748434","9.8313305871743","23.2346991005923","19.4420747312745","20.9630243498184","3.58178760328564","","2234.36119679673","20513.5"
138,"20230401","108","年齡","60 ~ 64歲","100","0.33600199112291","3.81009665242461","2.92031360185838","2.24001327415274","11.0382876342971","12.8572613763637","23.9266603061351","17.7106234703613","22.2217613141411","2.93898037914299","","1312.21698812113","12053.5"
139,"20230401","108","年齡","65歲及以上","100","0.148481439820022","4.98987626546682","2.97862767154106","2.15973003374578","10.7716535433071","27.5590551181102","12.2024746906637","12.9763779527559","23.2710911136108","2.94263217097863","","605.697342748448","5556.25"
140,"20230401","108","教育程度","小學及以下","100","0","0.29633691026344","0.422965457820945","0.176235607425394","11.3339077308686","16.5818124853137","22.7709459283047","17.4407978903945","29.5501422939349","1.42685569567374","","2092.76030041624","19150.5"
141,"20230401","108","教育程度","國(初)中","100","0.0529589516204401","0.484937851112657","1.5887685486132","0.784000166145731","18.2474740656899","7.68424003904425","25.0495841164682","18.8196384253538","25.703263725195","1.5851341107569","","5239.9004913375","48150.5"
142,"20230401","108","教育程度","高級中等(高中、高職)","100","0.248751787137951","2.5877312144521","3.52149687557066","3.77225292957006","31.2044307659417","3.39767772279653","17.1865883369484","15.4629188361","17.6005807919972","5.01757073948539","","12218.6175160166","112260.5"
143,"20230401","108","教育程度","專科","100","0.901111487710522","21.3952618599596","11.1511085658185","8.7224319491357","32.3722256635617","1.75079767651149","6.97514054300441","5.7444396395554","5.63808277135611","5.34939984338659","","2325.8369828459","21390.25"
144,"20230401","108","教育程度","大學及以上","100","0.730897862476585","22.5521978256965","12.1447083679038","15.9835259299809","31.3777146718444","0.555550803602741","4.13263080462916","4.83401904012454","5.23304051800087","2.45571417574052","","6359.07282396727","58455.5"
145,"20230401","108","婚姻狀況","未婚","100","0.32718869807258","9.4270258914973","6.33580169108765","8.09831416417205","37.0353447823119","2.17110445879943","11.5083241426396","8.57439210125519","13.5541725749698","2.96833149519458","","10364.1211785571","95205"
146,"20230401","108","婚姻狀況","有配偶","100","0.446108928485307","8.13161048105567","5.44067400474118","5.26315789473684","21.3069414920257","5.52618594487911","17.4186523615022","15.7132363579704","16.6896677091333","4.06376482547032","","14671.2641052692","134776.5"
147,"20230401","108","婚姻狀況","離婚或分居","100","0.0555195706486536","3.43643009160729","3.24558156750254","4.02632552974924","25.7460442305913","4.82788933098917","18.304108448228","15.5905894327751","20.669473489405","4.09803830850375","","2350.99905936691","21614"
148,"20230401","108","婚姻狀況","喪偶","100","0","3.55234102473838","2.78426728965981","2.32022274138317","21.9221045220341","10.6314206163792","15.806317406471","14.1357570326751","28.0762953243511","0.771274042308062","","849.803771390404","7811.75"
149,"20230401","108","個人每月收入","未滿1萬元","100","0","2.75714152497591","4.36417891890212","5.49563271269155","35.1994031892077","9.01432967579497","10.9726150881228","9.2878679556122","20.1765565260638","2.73227440862889","","873.688742621998","8042.75"
150,"20230401","108","個人每月收入","1萬元 ~ 未滿2萬元","100","0","3.31061884045103","2.6857853147474","3.22072272041197","30.7611204829974","11.6343336588831","14.2868241143567","11.1959513451123","21.4940513184764","1.41059220456362","","2455.70543576415","22526"
151,"20230401","108","個人每月收入","2萬元 ~ 未滿3萬元","100","0.100749323090485","3.73769493944546","3.73821967550322","6.63476271435468","34.9901874357198","3.92764939235565","11.4715173267846","11.893405117226","20.5226895871377","2.98312448838234","","10374.1187425828","95286"
152,"20230401","108","個人每月收入","3萬元 ~ 未滿4萬元","100","0.246464919826411","9.3920854153981","6.45254825396519","7.29922774325121","22.6235465818698","3.51752156165328","18.2931740493381","14.0008183279691","14.0613874847369","4.11322566199189","","8442.64490412077","77597.25"
153,"20230401","108","個人每月收入","4萬元 ~ 未滿5萬元","100","0.685237369304446","14.9805207804007","6.9593939113965","4.57107220400055","17.4458354506398","2.71862151799326","21.9106573659168","15.5433393387844","10.8090420535563","4.37628000800727","","3532.89321134738","32470.5"
154,"20230401","108","個人每月收入","5萬元 ~ 未滿6萬元","100","1.07092184797186","16.1085304464442","10.3477094711473","5.6403179724398","17.9277370702222","3.19332957571281","14.5381042156615","18.3009076597151","8.15533225787643","4.71710948280889","","1400.69798474243","12862.75"
155,"20230401","108","個人每月收入","6萬元 ~ 未滿7萬元","100","0.593649149368501","19.4270688075222","9.68166062392924","4.90059364914937","25.646440097215","2.74114506554046","16.5903024024862","9.45057572014821","5.82094904179449","5.14761544284633","","683.528056608986","6274.75"
156,"20230401","108","個人每月收入","7萬元及以上","100","5.52073149692334","22.6004945655299","12.8932083501064","4.23831157628386","23.3998504801886","2.43257231583185","8.55138305825522","8.16608200586578","4.68687101040888","7.51049514060613","","472.911036795234","4347.25"
157,"20230401","109","總計","-","100","0.331062323645464","8.51666609701541","5.36896312077746","6.83173261329414","27.7179960428226","3.89233211427964","15.7570285471235","12.9447552208538","15.0210391198508","3.61842480033723","","28154.6141611707","263319"
158,"20230401","109","性別","男","100","0.442514421638606","4.62318364440268","4.81810289607427","3.64528366991471","19.6422442510751","4.74064910680364","24.5899262353604","14.8894815184613","16.6075974458604","6.00101681040891","","14563.8588107451","136210.25"
159,"20230401","109","性別","女","100","0.211629805186504","12.6889376223116","5.95926716296085","10.2463441737882","36.3720042876671","2.98327219801941","6.29165970084672","10.8607786639393","13.3208768082449","1.06522957703541","","13590.7553504259","127108.75"
160,"20230401","109","年齡","15 ~ 24歲","100","0.0908250349799121","7.49511099473869","4.37105708885307","6.11309762463895","48.3156456350797","0.766694214199799","10.6797149239443","6.22601523569506","13.6703951298143","2.27144411805618","","3267.34120996124","30553.25"
161,"20230401","109","年齡","15 ~ 19歲","100","0","1.78813762273489","1.12556877145366","3.12524946116389","53.7878183124451","0.271413746307975","13.259359782869","4.66991298794604","21.577392831484","0.395146483595434","","669.811245609987","6263.5"
162,"20230401","109","年齡","20 ~ 24歲","100","0.114245720931669","8.96674523204232","5.20795808931751","6.88356199631532","46.9045585071892","0.894410193600181","10.0145122942805","6.6272810547659","11.6314494797188","2.75527743183853","","2597.52996435124","24289.75"
163,"20230401","109","年齡","25 ~ 34歲","100","0.239083020765138","11.1790301403754","7.5269556159191","9.25262141330257","34.9267378731377","1.65766639056978","10.9030538244241","8.44784119968315","11.5598991583265","4.30711136349662","","7389.81806207189","69118.25"
164,"20230401","109","年齡","25 ~ 29歲","100","0.136353817906901","11.9734852575872","7.57641213953991","10.0517064477805","37.0639377902581","1.34193757425208","10.8171778809807","6.59493465817043","10.7928772005616","3.65117723296252","","3959.54387899651","37036"
165,"20230401","109","年齡","30 ~ 34歲","100","0.357674414980246","10.2619049474398","7.46986261873778","8.33015140770987","32.4595375947759","2.0221462023393","11.002189684327","10.5868509845787","12.4453552977114","5.06432684740004","","3430.2741830754","32082.25"
166,"20230401","109","年齡","35 ~ 44歲","100","0.458185585083071","9.79792747990684","5.96220783877663","7.2168757176128","26.1585937867861","2.17357446330712","15.8361977478277","14.4065862819598","14.1530448514791","3.83680624726085","","7379.88080342628","69022.25"
167,"20230401","109","年齡","35 ~ 39歲","100","0.186025958104959","10.0325723612467","6.37762556752172","7.31987199133304","27.9687533409834","2.0698060625931","15.1942581413085","14.7152947549233","13.2406292096391","2.89516261234614","","3750.50057595734","35075.75"
168,"20230401","109","年齡","40 ~ 44歲","100","0.739398759813236","9.55547700057443","5.53297099848291","7.11045321314421","24.2882182257376","2.2807947800215","16.4994918474659","14.0876084426966","15.0958125285376","4.80977420352614","","3629.38022746898","33946.5"
169,"20230401","109","年齡","45 ~ 54歲","100","0.253453864726781","7.2919121537798","4.4888013410822","5.95171926204906","20.3003205969061","4.36385303233093","19.8979070046644","16.6150124725981","17.2873321979786","3.54968807388402","","6011.66885160843","56223.25"
170,"20230401","109","年齡","45 ~ 49歲","100","0.246435486710086","7.70404271548436","4.85410851543575","6.28242847922482","22.7131373584463","3.8591461932423","19.5681511470985","15.3636599860856","15.9051474840949","3.50374263417742","","3189.10031969614","29825.25"
171,"20230401","109","年齡","50 ~ 54歲","100","0.261383438139253","6.82627471778165","4.07606636866429","5.57807409652246","17.5742480490946","4.93408591559967","20.2704750359876","18.0288279415107","18.8489658307448","3.601598605955","","2822.56853191234","26398"
172,"20230401","109","年齡","55 ~ 64歲","100","0.598856659542815","4.1693412576745","2.61291808577319","3.94127730914748","12.1198619533451","10.6835121848073","23.3493682930697","19.2411965050333","20.3452676730681","2.93840007853858","","3539.77335837998","33104.75"
173,"20230401","109","年齡","55 ~ 59歲","100","0.854004252303331","5.03543586109142","2.1119773210489","4.8665249232223","13.1821403260099","8.25183085282306","24.3656980864635","19.1294590125207","19.4129459012521","2.78998346326482","","2263.01891551578","21165"
174,"20230401","109","年齡","60 ~ 64歲","100","0.146569233024142","2.63405850206244","3.50091082309094","2.30113695847903","10.2368140036433","14.9940325383697","21.5477711007349","19.4392679913734","21.9979480307377","3.20149081848447","","1276.75444286419","11939.75"
175,"20230401","109","年齡","65歲及以上","100","0.410590400679598","3.14314030865072","1.80282221907594","1.77450563971872","11.3832649015999","26.0276558591722","15.9469536080042","13.0209070744254","21.9547878616263","4.53537212704705","","566.131875723571","5297.25"
176,"20230401","109","教育程度","小學及以下","100","0","0.255416846032429","0.226718324006314","0.520878174773999","8.7831826660927","17.5620605538815","22.726359592481","19.0156406945042","29.8177643851342","1.0919787630937","","1865.26762586393","17422.5"
177,"20230401","109","教育程度","國(初)中","100","0.0579342169560859","0.736520219041718","0.871532133339379","1.12241248154921","17.6311454350356","7.31230573145727","27.3912977768374","18.7666560873749","24.9515115792868","1.15868433912172","","5305.71094317967","49625.25"
178,"20230401","109","教育程度","高級中等(高中、高職)","100","0.226981274044891","2.48079533438491","3.52970879902408","4.49712898685858","32.0213582379454","2.74452357680491","17.864026217837","15.2717400814433","16.1369187042069","5.22681878745004","","10690.1058773228","100008.25"
179,"20230401","109","教育程度","專科","100","0.303223011769477","14.2376567957899","7.70315480963309","8.69669403968627","30.5573220523313","1.01658049234569","10.947364540419","11.2745504649727","8.51420724232956","6.74924655072303","","2902.53826469437","27125.25"
180,"20230401","109","教育程度","大學及以上","100","0.772009502768025","22.6692364157063","11.6376364576516","15.1653763681925","32.3907705992746","0.781411023644825","4.48922621867214","4.52538591435215","5.10321785131856","2.46572964841928","","7390.99145011046","69137.75"
181,"20230401","109","婚姻狀況","未婚","100","0.227721307240685","10.3588115355388","6.1587578655391","8.33841191975583","36.3654375233552","1.41748989925589","13.1408737175002","8.64914617049504","12.4333827398284","2.90996732149082","","10659.0789553994","99683.25"
182,"20230401","109","婚姻狀況","有配偶","100","0.438921185838779","8.19144178845352","5.32285885001146","6.0763151664556","21.7500854919262","5.40759919881852","17.2887222057293","15.5527663684157","15.7408486060119","4.23044113833909","","14225.1221130596","133053.5"
183,"20230401","109","婚姻狀況","離婚或分居","100","0.158352250705941","3.71629477880516","3.35197386634184","5.40058689995017","27.8434195227285","3.56680139527158","18.4375173024749","16.1475001384198","17.4475388959637","3.93001494933835","","2413.76795345226","22576.25"
184,"20230401","109","婚姻狀況","喪偶","100","0.312265800649513","4.52160879340495","1.9891331501374","4.66212840369723","18.8764676492631","10.4421683737197","15.3166375218586","14.0550836872346","28.4349238071446","1.38958281289033","","856.645139259946","8006"
185,"20230401","109","個人每月收入","未滿1萬元","100","0","4.29769657654005","2.23753896054532","5.91693485036617","30.7148468185389","11.6083419912323","9.89787902592302","8.80318272812508","25.132402503611","1.39117654511821","","1054.9961350484","9865.75"
186,"20230401","109","個人每月收入","1萬元 ~ 未滿2萬元","100","0.0548887587822014","3.04083723653396","1.78937353629977","3.99956088992974","29.9973165495706","9.77995706479313","15.2493169398907","12.9635050741608","21.8335284933646","1.29171545667447","","2190.44149810612","20496"
187,"20230401","109","個人每月收入","2萬元 ~ 未滿3萬元","100","0.106044817750271","4.79122590966981","3.63289020808993","7.28472638858189","33.660414495774","3.6073657730483","12.6038081404528","12.7672171524203","18.4657446293431","3.08056248486954","","10160.7622779921","95007"
188,"20230401","109","個人每月收入","3萬元 ~ 未滿4萬元","100","0.178029718751607","9.14057278009152","6.99618232299861","7.57943853154404","25.7956707285722","2.58175227518124","17.9742531749704","13.2879582497815","12.4347652835621","4.03137693454676","","8318.06187648028","77796"
189,"20230401","109","個人每月收入","4萬元 ~ 未滿5萬元","100","0.748081365024961","13.3164443782132","7.79003054913941","6.62841815065941","17.6886968184189","3.07950227255793","22.6138141718203","13.8432307577677","10.037255048059","4.25452648833917","","3586.81547194956","33552.5"
190,"20230401","109","個人每月收入","5萬元 ~ 未滿6萬元","100","0.82400604271098","16.4749708164527","7.72505665041544","6.9096340039827","19.2954748334821","2.16301586211632","16.4251871180389","16.3015862116322","8.05465906749983","5.82640939366889","","1556.95944560625","14563"
191,"20230401","109","個人每月收入","6萬元 ~ 未滿7萬元","100","0.932684509326845","24.5782643957826","8.3698296836983","5.42173560421736","22.7331711273317","2.2992700729927","12.9075425790754","8.98215733982157","9.23357664233577","4.54176804541768","","659.105007498412","6165"
192,"20230401","109","個人每月收入","7萬元及以上","100","3.28154926580123","22.698446477974","6.82698446477974","3.46882315386252","27.4781868482656","2.95807618642264","11.1725899127474","8.8657161098106","4.61800383060226","8.63162374973399","","627.4724484901","5873.75"
193,"20230401","110","總計","-","99.9999999999981","0.479465734614895","7.82761203345383","5.84621145924343","7.22094619897626","28.2439146174006","3.42404194232923","15.7931594058167","12.9524403944574","14.7493446511044","3.46286356260136","","21074.7637846523","267033.333333339"
194,"20230401","110","性別","男","99.9999999999997","0.612272029586297","4.00575289155315","5.16769195441195","3.62818916861047","19.7737518279933","4.18438259146008","25.2711473151158","14.7356207925937","16.5129742207611","6.10821720791383","","10883.5891028995","137901.666666667"
195,"20230401","110","性別","女","100.000000000001","0.33763987661173","11.9090334155063","6.57081273635442","11.0577059590342","37.2893300120037","2.61206262342056","5.67147226990544","11.0481549839312","12.8659378670351","0.637850256198459","","10191.1746817527","129131.666666666"
196,"20230401","110","年齡","15 ~ 24歲","100","0.123510441206743","6.86054756295602","5.30294366551543","6.94517508748656","47.4108551954438","0.882870931588939","10.6150362526017","5.93307563870909","13.8354566455479","2.09052857894376","","2301.1906596418","29147.3333333333"
197,"20230401","110","年齡","15 ~ 19歲","100","0","1.51629582292453","1.22000813338756","2.5097310172544","55.1211293789578","1.1270551327485","12.7171323999303","7.68024167780167","18.1084064369953","0","","452.961113586175","5737.66666666666"
198,"20230401","110","年齡","20 ~ 24歲","99.9999999999997","0.153782625411155","8.17041393156671","6.30366372865909","8.03229435133633","45.5210810348999","0.823021828589327","10.0998163151974","5.50484842444004","12.7881644334961","2.60291332640362","","1848.22954605563","23409.6666666667"
199,"20230401","110","年齡","25 ~ 34歲","99.9999999999997","0.515901158344109","9.86933285126933","7.11090716096764","9.4062733210036","35.785370285391","1.40818303598329","10.8603451392655","9.67048146139546","11.1310426024038","4.242162983976","","5674.13600299047","71913.0000000001"
200,"20230401","110","年齡","25 ~ 29歲","100.000000000001","0.646510578475105","9.87989655830748","6.61002829026158","10.1662703715918","37.4707117690962","1.09689848482219","10.6288074700176","8.0011107832758","11.3126334241631","4.18713226998978","","3030.49539178005","38411.3333333332"
201,"20230401","110","年齡","30 ~ 34歲","100","0.366150937764291","9.85722103377945","7.68518979155269","8.53489876125569","33.8530421372072","1.76508631411373","11.1258146360878","11.5844982836675","10.9228396597185","4.3052584448535","","2643.64061121035","33501.6666666666"
202,"20230401","110","年齡","35 ~ 44歲","100","0.525894647539719","9.24003162116303","6.44522211938917","8.3135701064322","26.019011260219","1.78158260064785","15.7064630572266","13.6949521826315","14.749151627333","3.52412077741786","","5458.42333262077","69152"
203,"20230401","110","年齡","35 ~ 39歲","99.9999999999998","0.478713650095066","10.354112980282","6.79657565316423","8.08504888477091","27.4526835953711","1.44000154423758","14.3739564331972","13.5014621999594","14.372026136221","3.14541892270125","","2726.16059186048","34537.0000000001"
204,"20230401","110","年齡","40 ~ 44歲","100","0.572969329288844","8.12846068660023","6.09466031104049","8.54157638788579","24.5885695026241","2.1223939525254","17.0359670663007","13.8880061630315","15.1254273195628","3.90196928114016","","2732.26274076031","34615"
205,"20230401","110","年齡","45 ~ 54歲","99.9999999999992","0.557393977798113","6.51740242671731","5.88197329202746","6.4487549578727","21.8122931774976","3.9510432068342","20.5021239644205","15.083081039217","15.9754981341969","3.27043582341756","","4483.16567364434","56812.0000000005"
206,"20230401","110","年齡","45 ~ 49歲","100","0.56794137954075","6.78968351188225","6.63266442459746","6.86874986079871","24.1742577785698","2.67600614713024","19.2910755250675","14.4825051782891","15.0081293570013","3.50898683712334","","2362.21080818975","29932.6666666665"
207,"20230401","110","年齡","50 ~ 54歲","100","0.54564845358268","6.21419182023366","5.04600808551801","5.98105111733924","19.1820233636748","5.37091693742406","21.8507403457428","15.7518787668345","17.0527542845805","3.00478682507008","","2120.9548654546","26879.3333333332"
208,"20230401","110","年齡","55 ~ 64歲","100","0.510159118727052","4.54443084455326","3.01787025703795","2.77894736842106","14.308935128519","8.43574051407592","22.4264381884946","20.4709914320686","20.1057527539781","3.40073439412486","","2687.02405411565","34041.6666666665"
209,"20230401","110","年齡","55 ~ 59歲","100","0.418299433974","4.97605274615911","3.1924488399577","3.10070286745039","14.987248864838","7.8061827455371","23.6067052310754","19.7502643528022","18.8281395782795","3.3339553399266","","1692.48434606184","21436"
210,"20230401","110","年齡","60 ~ 64歲","100","0.666366977814211","3.81045561519952","2.72099849274136","2.2318005129968","13.1554591850226","9.50630668746861","20.4193881058783","21.6965914800222","22.2783404289076","3.51429251394875","","994.539708053788","12605.6666666667"
211,"20230401","110","年齡","65歲及以上","100","0.32398614679924","2.78181208803486","2.11149592224333","2.26231705954642","10.2502513685622","25.5558038208022","18.8638140989834","15.0094961456821","20.5898782258966","2.25114512344989","","470.82406163933","5967.33333333333"
212,"20230401","110","教育程度","小學及以下","99.9999999999998","0.211221950352385","0.26559591776983","0.869983478679129","0.453813497291757","11.3808896417592","16.8663864316038","23.1904971035405","16.9981387372691","28.9353158918376","0.828157349896479","","1256.31892166871","15939"
213,"20230401","110","教育程度","國(初)中","99.9999999999997","0.112974112395464","0.365099265668268","1.36051141451855","0.959591088822448","16.8489866773211","5.6493944863122","28.5397407106347","18.8673656365815","26.2237714065276","1.07256520121791","","3822.23671112902","48388.6666666668"
214,"20230401","110","教育程度","高級中等(高中、高職)","100.000000000001","0.396982693104366","2.22244740426371","3.32785942282534","4.89522577645586","33.1772623095931","2.49485144442691","17.8606447690379","15.2665476513349","15.1136556681798","5.24452286077892","","8825.71624249278","111843.666666666"
215,"20230401","110","教育程度","專科","100","0.42005541156493","17.5201835135699","12.9934161527691","10.6562993416153","31.5309679149165","1.31081121339411","6.43638096940448","6.97709059492955","6.86239461375757","5.29240027407871","","1766.05403168086","22378"
216,"20230401","110","教育程度","大學及以上","99.9999999999996","0.954967583669173","20.8472051866128","11.9512100149913","15.8956836633373","31.0890134922024","0.931117730662145","4.74612074839863","6.0048089091369","5.32241107411948","2.25746159686933","","5404.43787768096","68484.0000000003"
217,"20230401","110","婚姻狀況","未婚","100","0.38863192827944","9.21396925205991","6.80021900433644","9.03023401889756","36.7735824339714","1.42117691318091","12.6192851456615","8.87538586078449","12.2985042541257","2.57901118870315","","7832.5378507737","99236.9999999996"
218,"20230401","110","婚姻狀況","有配偶","100.000000000001","0.594305721920212","7.68887574136676","5.74059076558997","6.43091650622924","22.8406407153978","4.48432885401567","17.6979927936492","15.2409956984973","15.0668987958703","4.21445440746438","","10848.4131222781","137471.333333332"
219,"20230401","110","婚姻狀況","離婚或分居","100","0.287701502276402","3.70156159629845","3.51025492725898","5.37586569975235","27.6178612211001","3.41237709658763","18.0718067357744","16.0979371505688","18.3016713381086","3.62296273227448","","1774.04517134516","22477"
220,"20230401","110","婚姻狀況","喪偶","100","0.165647298674822","4.54468229697588","2.32330954808019","3.46585117227319","16.8280665987088","10.2106693849813","16.0338090383962","15.4094461433911","30.0033978933062","1.01512062521237","","619.767640255256","7847.99999999999"
221,"20230401","110","個人每月收入","未滿1萬元","100","0","4.6112988894254","3.23112827941413","8.32528569129246","28.613391276356","8.40978593272172","12.5502977627555","10.0796716562047","22.8995654273298","1.27957508450024","","654.034180594892","8284"
222,"20230401","110","個人每月收入","1萬元 ~ 未滿2萬元","99.9999999999998","0","2.81602100295353","3.44579706521229","4.16621087340406","30.1901829944835","8.47462924473752","12.9127533559407","10.2592552077636","25.472332046694","2.26281820881061","","1684.13908723804","21330.3333333334"
223,"20230401","110","個人每月收入","2萬元 ~ 未滿3萬元","100","0.155037617797288","3.99378376487312","4.07737886995622","7.40718917903715","35.6498138443805","3.42666278765739","12.1577480141559","12.7823176098429","17.7221622776168","2.62790603468276","","7141.8761462926","90515.6666666666"
224,"20230401","110","個人每月收入","3萬元 ~ 未滿4萬元","100","0.305506508438387","8.08894181415024","7.3461175214553","8.49258818215417","26.1249127417568","2.70069395967644","17.2660452510985","13.9067055393587","12.2814437646286","3.48704471728331","","6407.2792737784","81176.6666666663"
225,"20230401","110","個人每月收入","4萬元 ~ 未滿5萬元","99.9999999999999","0.553104275370749","11.7333285600494","7.21631031118828","6.613981545291","18.1692069487081","2.44690467453662","24.7384389571568","13.5197300707937","10.7354138884662","4.27358076843904","","2939.59986770151","37244.3333333334"
226,"20230401","110","個人每月收入","5萬元 ~ 未滿6萬元","99.9999999999999","2.27656698766683","17.2495353944923","8.30587937151545","6.64597060314241","19.9146815340429","1.59021794221997","16.6434363912823","13.923382328096","8.33122149011656","5.11910795742523","","1245.61079506684","15784"
227,"20230401","110","個人每月收入","6萬元 ~ 未滿7萬元","100","2.52818585582508","24.7807766769161","6.6222525908211","3.53034961849448","22.2924496071063","1.9075276164446","13.4267167748548","14.5029039972668","4.58945450404283","5.819382758228","","462.079788050126","5853.99999999999"
228,"20230401","110","個人每月收入","7萬元及以上","100","2.61043198753227","17.459699021088","8.30370622899723","5.64457215214533","28.042663030244","1.03735450250816","10.6901086056592","9.10242049383919","6.75497978863294","10.3540641893537","","540.144645929935","6844.33333333333"
