Seq,DateListed,年度,類別,項目別,總計,民意代表_主管及經理人員,專業人員,技術員及助理專業人員,事務支援人員,服務及銷售工作人員,農_林_漁_牧業生產人員,技藝有關工作人員,機械設備操作及組裝人員,基層技術工及勞力工,其他,樣本數_人,母體數_人
1,"20230401","103","總計","-","100.000000000001","0.304378389388197","5.97880169364577","4.27742728317538","5.12537101321253","23.3473601678015","6.15675829379293","19.1634326205605","15.8943689686307","17.9274595483845","1.82464202140922","30225.5864565936","235643.104494163"
2,"20230401","103","行政區域","山地鄉","100","0.391070792124652","6.56691271056262","3.96217781770623","4.2891358927769","17.3138233982685","10.9967633988675","17.3914030002818","13.2783321265442","23.1138943528112","2.69648651005645","9266.37880785488","72242.8492033505"
3,"20230401","103","行政區域","平地原住民鄉鎮市","100","0.184769337746964","5.58782774716501","4.33548552328498","4.30982898387156","24.0442802164046","8.91620217849713","24.4399090891273","10.5628700497155","15.6207706733234","1.99805620086377","7541.83246706818","58796.5234332224"
4,"20230401","103","行政區域","非原住民鄉鎮市","100","0.311736542066063","5.79239432215281","4.46251529654163","6.1613096151987","27.1225926955764","1.26303742085185","17.4214106061319","20.6978644777342","15.6420961417614","1.12504288198561","13417.3751816708","104603.731857593"
5,"20230401","103","統計區域","北部地區","100.000000000001","0.284084493412292","5.05187993317269","3.95876144362778","6.29470146955568","25.9451152092154","1.92903288555067","18.6249304942727","20.0049040671844","17.3048929744012","0.601697029608042","10340.2659074889","80614.3877711561"
6,"20230401","103","統計區域","北部地區_山地鄉","100","0.259097120880692","5.38504114308796","1.99132038348872","5.86370942185325","21.2000726232904","6.04275448957878","16.4542093539885","16.8969804910618","24.6914958388272","1.21531913394276","1739.99275693418","13565.0308853391"
7,"20230401","103","統計區域","北部地區_平地原住民鄉鎮市","100","0","10.5018787115234","0","0","8.67178074974721","4.04498106213411","35.3955756493307","14.6220832019722","26.7637006252924","0","41.4644283298387","323.188121040803"
8,"20230401","103","統計區域","北部地區_非原住民鄉鎮市","99.9999999999991","0.290540239662247","4.95775318974623","4.3779046963608","6.41280795348483","26.9934173526358","1.08248930342375","18.9849965142443","20.6627980220349","15.757427082426","0.479865645980269","8558.80872222491","66726.1687647772"
9,"20230401","103","統計區域","中部地區","99.9999999999993","0.529910503248329","5.36604808005464","4.29725801629631","4.24278313946393","19.8439122968283","8.23865703709603","12.5460851689336","17.7305373304943","26.3990862538939","0.805722173689961","4499.23769759456","35077.4079034858"
10,"20230401","103","統計區域","中部地區_山地鄉","99.9999999999998","0.439997580962375","3.65927493104212","4.12685406619522","3.18718522166567","10.5190386950315","17.7086460366203","7.89792280675957","10.2509819588917","41.3650748346069","0.845023868224496","1862.30708545245","14519.310485873"
11,"20230401","103","統計區域","中部地區_平地原住民鄉鎮市","100","1.96335432466136","3.81453189282223","7.8335061879323","8.10359343333198","23.2436532255777","5.08755803345363","2.84620847405242","27.8384452807426","19.2691491474258","0","166.678523931027","1299.65724629041"
12,"20230401","103","統計區域","中部地區_非原住民鄉鎮市","100","0.500961532857787","6.75752154813142","4.18708488272293","4.77807175837958","26.6446830740734","1.31170133656742","16.7050215546048","22.6873858641755","15.5971023624281","0.830466086059092","2470.25208821108","19258.4401713222"
13,"20230401","103","統計區域","南部地區","100","0.270572611415832","7.59124503690448","4.08854965976598","5.28053467595842","21.8666049003597","8.44045901333778","17.4541898381961","16.3185809920979","14.9730699513772","3.71619332058673","5858.28927827425","45671.0965057784"
14,"20230401","103","統計區域","南部地區_山地鄉","100","0.401338840828033","7.40317384811286","3.45183202701134","4.1301349643162","17.49188756091","13.1712173700578","20.8156818795753","14.7922986453529","14.5767438366065","3.76569102722938","3361.26666661059","26204.8884287991"
15,"20230401","103","統計區域","南部地區_平地原住民鄉鎮市","100","0","8.69245145263303","2.39694532277819","9.53111685576648","23.9290947126962","6.7447409138298","19.6798862575126","8.85253829073286","18.7015689503321","1.47165724371884","119.67697237804","932.624844467869"
16,"20230401","103","統計區域","南部地區_非原住民鄉鎮市","100","0.0992958716435647","7.80174788504866","5.07393637800366","6.6932079415274","27.9482918107269","1.83690455993065","12.5893311357855","18.8523098955338","15.3458198256631","3.75915469613677","2377.34563928565","18533.5832325113"
17,"20230401","103","統計區域","東部地區","100","0.240685046867761","6.28271820703882","4.73003354214112","4.17771003588166","23.0929607134254","8.35773164823364","23.923696438811","10.3053902578601","16.4190541944396","2.47001991530113","9527.79357323584","74280.2123137454"
18,"20230401","103","統計區域","東部地區_山地鄉","100","0.436229965848692","8.59073249828787","6.06299715904486","4.22268839815262","19.6126549365235","6.1380245646299","20.7789651364412","10.7827148084986","19.6226934508474","3.75229908172551","2302.81229885758","17953.6194033392"
19,"20230401","103","統計區域","東部地區_平地原住民鄉鎮市","99.9999999999999","0.147794298744255","5.54908495757282","4.3117107243644","4.1603436838274","24.1530295089708","9.06867806824993","24.9548884873123","10.1686896984615","15.421341030978","2.06443954151842","7214.0125424293","56241.0532214234"
20,"20230401","103","統計區域","東部地區_非原住民鄉鎮市","100","20.272724883877","4.21463102511354","0","6.15547655055768","56.5826753845838","6.80758245576606","5.96690970010193","0","0","0","10.9687319490853","85.5396889829327"
21,"20230401","103","縣市","新北市","99.9999999999993","0.210704075256901","4.78997016566622","5.02587616170768","6.9875726440628","29.6863331538298","1.02803294519047","19.9216466099251","17.8592478980504","14.1250481693594","0.36556817695053","3249.64612529616","25335.113139844"
22,"20230401","103","縣市","臺北市","99.9999999999998","0.401385045923905","9.4061838208348","5.52974499757051","12.6364575908535","36.8493469355802","0.238086974277502","10.9564890643615","9.20942715681567","14.0649828648277","0.70789554895449","903.590709798563","7044.40529715423"
23,"20230401","103","縣市","桃園市","100","0.328298308283821","3.68021921506629","3.74030657584652","3.9618235189005","20.9623999327294","1.9523288184451","16.4009297887643","26.3245623303378","22.2556730039744","0.393458507652134","3403.97152424331","26538.4824000899"
24,"20230401","103","縣市","臺中市","100","0.490933593613276","6.42466614761841","4.5946935846152","4.12030892988141","25.7425866453705","1.7130845787051","17.2918845714265","19.4750880385523","19.424901204259","0.72185270595841","1816.02681941727","14158.3989445248"
25,"20230401","103","縣市","臺南市","100","0.254922022499631","9.15945986271754","5.81936597995416","8.64737102165055","31.2876243627327","0.221924281180999","10.1450649100895","20.7668224857367","10.6981039166228","2.99934115681552","392.949225711655","3063.99789285524"
26,"20230401","103","縣市","高雄市","99.9999999999997","0.160341390057043","7.30497581122756","3.74417042694932","6.86748306953039","23.0985043775254","12.2808011944018","14.4749152148344","17.4174054201119","12.2226427540233","2.42876034133857","1790.222469199","13956.9406788106"
27,"20230401","103","縣市","宜蘭縣","99.9999999999999","0","5.63401902684721","1.87387438377817","4.38252480439253","27.2857693218993","3.47055596449929","29.0125087826115","8.09268977490037","19.8854545157294","0.36260342534212","733.043679288725","5715.25568849393"
28,"20230401","103","縣市","新竹縣","100","0.335874055095299","6.95908157555014","1.70993899495555","5.61658555867182","18.7244041113793","4.83423007239967","13.8611650896673","29.0237500384493","17.4763878134586","1.45858269037305","1119.71718377868","8728.45472243242"
29,"20230401","103","縣市","苗栗縣","99.9999999999999","0.709469943112858","4.57883340030641","5.64166527147","3.04485640574186","13.9868296890331","15.5976782962719","10.871252410707","19.5017820571412","25.4402404913314","0.627392034884163","543.383873959607","4236.55325618973"
30,"20230401","103","縣市","彰化縣","100","0.697413266872769","4.35698935275696","2.94741476033403","1.59773444718684","24.8901594528449","3.02900389289431","20.5762455910367","32.9113653671085","8.61634011819459","0.377333750770483","388.9050443847","3031.77906396515"
31,"20230401","103","縣市","南投縣","99.9999999999999","0.520612245860022","4.52098549875211","3.81290789503595","5.0639642536816","12.5175218176491","15.1361950083455","6.07585948915811","11.6834604535914","39.6045523808633","1.06394095706273","1605.52443583169","12517.8443531837"
32,"20230401","103","縣市","雲林縣","100","0","7.11771511384405","4.51669171844112","8.25829810731096","35.4769121308812","0","9.50080002113465","15.4949310291761","18.8206327790609","0.814019100150987","145.397524001291","1132.83228562216"
33,"20230401","103","縣市","嘉義縣","100","0","5.23871426288228","3.03102582942299","4.42574079233681","14.6153323570042","21.6048376740078","4.84811597988215","5.07021109451474","40.6254585443667","0.540563465582381","326.33464746542","2544.78472591179"
34,"20230401","103","縣市","屏東縣","100","0.33762525229587","7.75020550611808","4.04035284371657","4.17298913223391","20.1039669494912","6.42704651297996","21.984907510816","16.9210862900929","13.2662240548962","4.99559594735955","3145.59605876756","24521.7566528547"
35,"20230401","103","縣市","臺東縣","100","0.310922481233625","4.72769050312515","5.0510698588138","4.41257478635258","20.9487523284947","10.7065337029066","21.9395555513309","9.40836229226119","20.0980037011133","2.39653479436813","4057.51094424638","31630.3580339474"
36,"20230401","103","縣市","花蓮縣","100","0.188594946352916","7.43597145627193","4.49194378052926","4.00352758502935","24.6831672934952","6.61579252101439","25.3951923611433","10.970651984951","13.6906394776741","2.52451859353881","5470.28262898957","42649.854279798"
37,"20230401","103","縣市","澎湖縣","100","0.843414632348062","9.73447688728502","1.07259206103229","3.92846625753264","33.3933375407486","1.29652013364352","6.2536274307546","7.32912441582594","32.8868111902026","3.26162945062677","81.2213076264654","632.845827064178"
38,"20230401","103","縣市","基隆市","100","0.325805522433579","5.05024051245441","3.05290850027762","8.82349791301411","20.2380518896414","2.4715145034227","32.2923744258921","17.4319616876994","8.43750765928804","1.87613738587689","616.106848504964","4803.31958281292"
39,"20230401","103","縣市","新竹市","100","0.62319156200186","1.94808721315507","5.42480028527534","8.08457352172786","43.668955762347","0.845732967793235","17.298993559722","5.47596540420664","16.629699723771","0","314.189836578515","2449.35694032943"
40,"20230401","103","縣市","嘉義市","100","0.55268459132388","7.51004226734928","9.64713499960148","2.88769231131905","30.6192199157623","0","9.0857367054453","6.40399490726689","32.5634861396529","0.730008162278964","121.965569504178","950.770728281848"
41,"20230401","104","總計","-","100.000000000001","0.162755817983664","6.3702051522344","4.56272501964662","5.83057984772553","23.6529613860011","5.54244408048975","19.214708373636","16.9681775958799","15.5939159019026","2.10152682450099","30945.3724111569","237395.248278043"
42,"20230401","104","行政區域","山地鄉","100","0.201834503100101","7.44467408667214","4.13502171970451","5.06872670828544","17.7232108323375","10.503987883605","17.0486184975392","14.9677232875977","19.2471875562806","3.65901492487825","9178.91296576745","70413.5396019066"
43,"20230401","104","行政區域","平地原住名民鄉鎮市","100","0.13631292603048","5.75366958767466","4.24308561891243","4.84268149006655","23.4467396676788","7.33737095090834","24.5329304658928","11.8973410788446","15.7226550472305","2.08721316676109","7690.40357751034","58995.0345880954"
44,"20230401","104","行政區域","非原住民鄉鎮市","100","0.151720482126596","6.00641374702798","5.01623691047905","6.86705842186107","27.6321633243322","1.32663099322375","17.7216848837506","21.042877072339","13.1414396044325","1.09377456042772","14076.0558678789","107986.674088041"
45,"20230401","104","統計區域","北部地區","100","0.236242098594806","5.85334330967255","4.47902211962365","7.12018113657965","26.0138978866618","2.21431225293039","17.8394580482259","21.3908559493736","14.2020410417561","0.650646156581947","10833.1123708574","83109.9623402092"
46,"20230401","104","統計區域","北部地區_山地鄉","99.9999999999998","0.463439421200974","9.27796504698947","2.56267754454162","5.89605845161678","19.0435659235206","9.02858599718574","11.7930417232051","20.7086135511444","19.3361647064801","1.88988763411488","1722.97744155655","13218.2867219717"
47,"20230401","104","統計區域","北部地區_平地原住民鄉鎮市","100","0","0.900527798643749","0","2.39228002783692","16.3627039483572","0.838771522671312","14.4207963414809","19.9686602850906","45.1162600759194","0","29.8751651375126","229.166547894859"
48,"20230401","104","統計區域","北部地區_非原住民鄉鎮市","99.9999999999995","0.193909133477335","5.21982302747069","4.8573782029799","7.36800857832667","27.3682501558104","0.925845939690145","18.9979966739992","21.5249882886932","13.1261564013158","0.417643598236031","9080.25976416336","69662.5090703434"
49,"20230401","104","統計區域","中部地區","99.9999999999998","0.116387487534611","6.25729159890722","4.06104413467266","4.16808001235277","22.3975482172031","9.76114665949267","12.9518499605003","16.9017787388768","22.5457157896038","0.839157400855914","4621.44800802656","35453.7158334644"
50,"20230401","104","統計區域","中部地區_山地鄉","100","0.0500374393132291","5.5205373847483","4.13953496227451","2.97831039228793","15.8754944474867","20.628247596649","6.35271598393253","11.8155369815165","31.8909710978628","0.748613713928538","1837.4143865676","14095.2042346889"
51,"20230401","104","統計區域","中部地區_平地原住民鄉鎮市","100","0.94089156686882","5.59833423761999","4.60232324441382","2.72796226972023","16.9699704585289","5.49716899603673","13.0782192757652","18.4547017008341","29.1637493366471","2.96667891356512","182.270920462358","1398.71588179861"
52,"20230401","104","統計區域","中部地區_非原住民鄉鎮市","100","0.105464055611648","6.82375006402981","3.96768446509983","5.1091899120571","27.3836372802232","2.38582498996895","17.6031694288955","20.3847561867756","15.4825157036514","0.754007913687274","2601.76270099663","19959.7957169768"
53,"20230401","104","統計區域","南部地區","100","0.0884805871844786","7.98146164000507","5.07073268302621","5.58424061057908","21.593698747553","6.28007827085622","19.3892017203388","17.0143632022553","12.2581338425341","4.73960869566769","5738.49074776875","44017.4371424012"
54,"20230401","104","統計區域","南部地區_山地鄉","100","0.143097552409122","7.90994670531261","3.86755980245693","4.65978723382606","16.1247224777673","9.8641269648228","24.1306255966619","14.9686532704053","12.8551301061753","5.47635029016275","3213.3945129895","24647.5689184846"
55,"20230401","104","統計區域","南部地區_平地原住民鄉鎮市","100","0","6.88359663851594","3.87988353565335","4.22753343635343","24.6166096747188","1.9670558090891","17.9888878001078","12.7175324804083","27.0187338045171","0.700166820636094","143.465496067323","1100.66182561453"
56,"20230401","104","統計區域","南部地區_非原住民鄉鎮市","100","0.0201257729333782","8.14408760818218","6.76571647247752","6.91318745048724","28.7899482176752","1.7045698337284","13.0767600535643","20.0331661473189","10.5634277464679","3.98901069716515","2381.63073871191","18269.2063983021"
57,"20230401","104","統計區域","東部地區","100","0.146794835045216","6.04989390998422","4.59456126393168","5.33075856467629","22.83674103094","6.80642266418012","23.6076999422815","12.0593789146725","15.8083687859122","2.75938008837676","9752.32128450394","74814.1329619689"
58,"20230401","104","統計區域","東部地區_山地鄉","100","0.208845205352583","6.97971193361367","5.61516788433935","6.61910373163489","20.3239431045013","4.68199492046786","19.5239710634612","13.2618850450212","18.063381336633","4.72199577497505","2405.12662465381","18452.4797267618"
59,"20230401","104","統計區域","東部地區_平地原住民鄉鎮市","100","0.119533771674109","5.75519412208697","4.25854179139561","4.91726427207591","23.6137120992859","7.51463599989655","24.9868778709742","11.6854153998306","15.0478401531669","2.10098451961338","7334.79199584315","56266.4903327874"
60,"20230401","104","統計區域","東部地區_非原住民鄉鎮市","100","4.23348354049394","0","5.37126551661547","0","50.6828619638827","0","0","0","28.2260605160456","11.4863284629624","12.4026640069818","95.1629024199075"
61,"20230401","104","縣市","新北市","100","0.280581089660267","3.94483977850001","5.55704981399322","9.16511300984766","30.8713893088745","0.894805995705554","19.1057982154418","17.2703153409501","12.5054185408047","0.404688906222449","3336.22831676701","25598.3261736263"
62,"20230401","104","縣市","臺北市","100","0.41991404958553","12.1269479573813","6.87725672914246","12.1198317732523","29.5074080390256","0.28253441585898","13.6091877723216","13.2340374938506","11.6039152420474","0.218966527534322","932.633568472145","7154.66856392641"
63,"20230401","104","縣市","桃園市","100","0.15042207286199","4.36787696054455","3.94032153327757","4.4764244852642","23.7094059735134","1.93206125985488","19.0403851388888","26.5303307040653","15.4312084222694","0.42156344946","3867.36003846658","29669.1451195913"
64,"20230401","104","縣市","臺中市","99.9999999999999","0.0783575003905613","5.82134500805153","4.12525566201524","4.02027284853233","27.100224256028","3.44528572724292","17.5797242439917","17.6227141924066","19.2928023191662","0.914018242174698","1910.43252720982","14654.3888958928"
65,"20230401","104","縣市","臺南市","100","0.117400745217003","6.049850465578","3.62837197737236","6.98324113978643","33.9224456275099","1.04446866576181","9.49150880028205","29.5813778283626","6.87623288575524","2.30510186437463","408.21357174889","3131.85320046842"
66,"20230401","104","縣市","高雄市","100","0.0702130855850806","7.06964363858877","5.62786288706506","6.83421167015517","23.4637849642062","7.69869973982672","18.1693585778123","17.9502372249785","10.5494202446768","2.56656796710564","1678.7807117551","12875.3923221948"
67,"20230401","104","縣市","宜蘭縣","100","0.487400335868393","12.5941708577389","5.32269375502917","6.33902832535196","19.4883829618534","9.08282424620819","14.077780371023","15.2420468327028","16.9258081826916","0.439864131532627","704.182549338592","5402.05096903063"
68,"20230401","104","縣市","新竹縣","99.9999999999999","0.186429633233801","7.83631183412345","2.33268232151793","6.59718423750298","21.50016684976","3.55077513729639","9.21887540613729","28.4440603563059","17.7112488909861","2.62226533313615","1068.64699441528","8196.00607011241"
69,"20230401","104","縣市","苗栗縣","100","0","5.41709194695496","5.82716183242931","4.20870102296248","18.0636949523419","12.1435845943086","11.6630569664389","14.2673797211009","26.8001486681997","1.60918029526341","549.671050060598","4218.25554866265"
70,"20230401","104","縣市","彰化縣","100","0","3.74815327453334","3.0379816176163","3.41202696777917","27.664040144594","3.4432687019266","18.4104916179128","31.7116080931197","8.26166696882791","0.310762613690265","439.643407539253","3373.28433237795"
71,"20230401","104","縣市","南投縣","100","0.242518525499707","7.70283969175828","3.30337803777274","4.27938112156646","16.423319557749","18.9267295046838","6.81346771048213","12.390866711199","29.325917755971","0.591581383317816","1600.67676084203","12279.835611953"
72,"20230401","104","縣市","雲林縣","100","0","6.95307344809683","8.76406974294109","7.59314760671096","27.7465653746305","0.34847569065761","7.11378939125097","23.3495219243935","16.7777054479766","1.3536513733419","121.024262374871","927.951444578004"
73,"20230401","104","縣市","嘉義縣","100","0","4.34475366437413","2.00578968959505","6.46212026804042","19.1319580315087","21.9738074777988","4.55231344918769","5.67666017542047","35.1008055905947","0.751791653480025","298.1023136045","2287.61330971076"
74,"20230401","104","縣市","屏東縣","99.9999999999999","0.10642368351349","9.07520416848284","5.18855412267411","4.64982308351588","18.7877848275295","4.96084430622472","23.1873417050291","16.3443794654414","10.9979986239548","6.70164601363403","3213.04800115929","24646.6357432371"
75,"20230401","104","縣市","臺東縣","99.9999999999999","0.189981427177522","5.17232224094216","4.56732813703155","3.66755552510046","22.8643318751019","9.71238882143055","23.1588099241279","9.94762605194501","18.1602890716836","2.55936692545929","4039.96146051276","31000.3520373478"
76,"20230401","104","縣市","花蓮縣","100","0.116238249168773","6.67081796867499","4.61383000776443","6.50755450988679","22.8172191849823","4.75031218975266","23.9253111663105","13.5535453796268","14.1442723467544","2.90089899707837","5712.35982399115","43813.7809246214"
77,"20230401","104","縣市","澎湖縣","100","0","10.8885085446276","2.34948803823303","7.8417928096152","33.4316652817883","0","2.18799712521785","7.70912759597298","32.3054547226476","3.28596588189752","35.2574438353868","270.409837875195"
78,"20230401","104","縣市","基隆市","100","0.176275231876106","4.93462063518319","1.00255957826801","7.0822506825181","17.5047569157937","4.7081061237333","31.866281987913","21.6470644012286","9.84221237985801","1.23587206362802","608.842335427955","4671.59019436489"
79,"20230401","104","縣市","新竹市","99.9999999999999","0","5.71548332935749","4.68701892033863","6.70823084910561","38.8461765437988","0.669690795717871","12.7393570562232","15.4217376963222","15.2123048091362","0","315.218567969878","2418.1752495576"
80,"20230401","104","縣市","嘉義市","100","0","5.95268115990602","7.78613525441966","5.5050418924608","32.638349226212","1.86504083878412","9.06702101194773","9.01662798927273","27.4500462823496","0.719056344647367","105.088705665562","805.532728914951"
81,"20230401","106","總計","-","99.999999999997","0.145677657680574","7.75368788683356","4.96066978647726","5.86791323210995","24.6373727428483","6.70827453865058","17.246543978317","13.7560911111209","16.5189563221706","2.40481274378829","28985.9717949819","248676.461122412"
82,"20230401","106","行政區域","山地原住民地區","100.000000000002","0.196464675831672","8.20268015506509","3.85157548485025","5.3264705885534","17.5589709164894","13.6011459183419","15.5529466885023","12.2648454476862","19.9656899662947","3.47921015838715","8384.44241169328","71931.9969192597"
83,"20230401","106","行政區域","平地原住民地區","99.9999999999996","0.105811193483604","6.53970702172947","4.20892698538136","5.5880094809159","23.9278190589967","7.92264371825174","23.5466070439689","10.8867466407195","14.7286062181429","2.54512263840947","6872.10064952299","58958.9063270555"
84,"20230401","106","行政區域","非原住民地區","99.9999999999994","0.134617485886233","8.08715893677927","6.01429048087726","6.3386829140254","29.3153493766812","1.89091074815725","15.1272604463635","16.1030825021149","15.3102058406874","1.67844126842709","13729.4287337667","117785.557876088"
85,"20230401","106","統計區域","北部地區","99.9999999999995","0.138515804516645","7.15024286979941","5.71050641477661","6.2034505130968","27.8699221601249","3.15998882633445","15.6179026014129","16.3846461677996","16.6673971525003","1.09742748963783","10248.4971133646","87924.1346753573"
86,"20230401","106","統計區域","北部地區_山地原住民地區","100","0.307820943093098","7.08007284714561","3.17618953019726","6.99743231607693","19.0446571551609","10.4967166983114","14.3499459892458","17.2692381035117","20.4748998362613","0.803026580996187","1539.6652013276","13210.544946517"
87,"20230401","106","統計區域","北部地區_平地原住民地區","100","0","0","0","0","2.43340975495841","2.70920704143447","5.49359962357199","28.7200381433385","55.6028169405801","5.04092849611653","22.6057700969859","193.927524074594"
88,"20230401","106","統計區域","北部地區_非原住民地區","99.9999999999996","0.108862541868279","7.18128988566055","6.1746407178501","6.07884027974997","29.5006246658734","1.86053642071849","15.8690279859231","16.1957280603655","15.8910941851419","1.13935525684842","8686.22614194012","74519.662204766"
89,"20230401","106","統計區域","中部地區","100","0.174432361225419","7.96975788255331","5.13380139105649","5.01970452762226","23.2832018207177","13.5241161576875","11.6871261461488","14.2731123958143","16.8916271615605","2.04312015561397","4459.60704863952","38252.3034095997"
90,"20230401","106","統計區域","中部地區_山地原住民地區","100","0.099692533461739","7.1135710476233","3.70707383749572","3.82466174184128","15.578618127339","31.0112638386153","7.25017912254209","9.96428199946296","19.0243812347259","2.426276516893","1774.02598816313","15216.3416080536"
91,"20230401","106","統計區域","中部地區_平地原住民地區","100","0","5.20219438466489","3.50424555955309","4.80342412334287","29.2266562618048","5.81832275317441","7.51146765271845","5.96963735187628","32.307385425588","5.65666648727731","144.417244097588","1239.2058870917"
92,"20230401","106","統計區域","中部地區_非原住民地區","100","0.236525287586611","8.72480658818123","6.22244637609351","5.86626147799358","28.3238791639169","1.75441293585291","15.0219619575356","17.7531876279966","14.5263204553534","1.57019812948986","2541.16381637876","21796.7559144543"
93,"20230401","106","統計區域","南部地區","99.9999999999994","0.23355860813821","9.71767556278533","4.71302854600925","5.81536888146058","22.5133135391718","7.2760414693474","16.3840225022602","11.8587421304867","17.3957911984473","4.09245756189261","5557.17119749906","47682.9792889858"
94,"20230401","106","統計區域","南部地區_山地原住民地區","100.000000000001","0.337999043796322","9.08619748101349","4.33747596386439","4.40122834653267","16.3901190437424","11.6927461205097","19.5909957198885","9.65379738036081","19.8346628245311","4.67477807576129","2947.71012588513","25291.9603307569"
95,"20230401","106","統計區域","南部地區_平地原住民地區","100","0","6.1926848604313","2.34108064286225","3.49700809127672","25.1723266221129","5.25996704960858","14.7030020089872","18.050236624295","24.7836941004262","0","119.029135767682","1022.04868631572"
96,"20230401","106","統計區域","南部地區_非原住民地區","100.000000000001","0.121115422697282","10.6336780870748","5.27097341169215","7.60000629853135","29.6334484596453","2.14492886904724","12.6687028773563","14.1723475924661","14.1558297031896","3.5989692783006","2490.43193584622","21368.970271913"
97,"20230401","106","統計區域","東部地區","100.000000000001","0.083383570539463","7.10067387671676","4.14878062091339","5.94075202053861","22.8845972288781","7.03153631463214","22.5526212469079","11.6119348644773","15.595140766786","3.05057948961121","8720.69643547952","74817.043748458"
98,"20230401","106","統計區域","東部地區_山地原住民地區","100","0","8.6999376503105","3.78742553283825","6.65402301483239","19.759005223304","3.9575681924863","17.7546452631002","14.1829062600529","20.5647224562911","4.63976640678478","2123.04109631731","18213.1500339329"
99,"20230401","106","統計區域","東部地區_平地原住民地區","99.9999999999997","0.110408868265157","6.59776259795232","4.27261308944571","5.66221763122293","23.8628686499978","8.03485049882464","24.120204793769","10.8038053677319","14.0209156885052","2.51435281428506","6586.04849956075","56503.7242295735"
100,"20230401","106","統計區域","東部地區_非原住民地區","0","","","","","","","","","","","",""
101,"20230401","106","縣市","新北市","100","0.176601606362851","6.08147959818406","6.63339274734694","7.53518863749627","30.8310343371579","1.355387067052","14.3979305582089","11.862043411959","20.6977900506069","0.429151985625436","3041.65338641976","26097.6840735452"
102,"20230401","106","縣市","臺北市","100","0.170581502745816","10.0777336850748","9.3049083772305","12.0477294050545","33.4399029061383","0.599494617823414","11.3148315017487","9.63291431608065","12.3788852310649","1.03301845703861","880.183330286138","7550.54852661548"
103,"20230401","106","縣市","桃園市","99.9999999999991","0.0540627961012531","5.77318794362376","5.19156562452834","4.73667211318122","27.2627962439616","3.0169635505708","17.0660328873596","20.5468424580264","14.5829099395958","1.76896644305024","3772.48700685451","32360.8771304365"
104,"20230401","106","縣市","臺中市","100","0.349039013174027","8.83659090743188","6.35822306074293","5.84383517132869","29.6034220463106","2.22850419116938","13.8678442112776","17.5185982968736","14.0430964478902","1.35084665380152","1721.81865216367","14770.5092168335"
105,"20230401","106","縣市","臺南市","100","0.604417500672673","8.28723827985235","4.7509700865058","8.32531336801409","27.2158746206911","0.321801078294825","15.2980175921236","18.8450373816439","10.5639845480726","5.78734554412918","376.044776511173","3224.83950345812"
106,"20230401","106","縣市","高雄市","99.9999999999998","0.0368852009078494","9.44794799672514","4.59070509498185","6.27046054853096","26.1777724543668","9.73526446446199","11.6277230650211","12.349346612112","16.6246095651228","3.13928499776938","1741.8601367992","14948.9609842121"
107,"20230401","106","縣市","宜蘭縣","100","0.362401067889906","13.1048393561737","4.8512262690452","5.8385629448461","23.9074836657266","12.2722370569342","11.6913819247353","14.0975860859178","12.7664113238981","1.10787030483317","900.673886989394","7721.3800230432"
108,"20230401","106","縣市","新竹縣","100","0.107252844980541","8.99270753484478","3.284967502733","4.81948274442345","16.5476982819601","2.50299993700719","15.1818420503639","23.8460037912688","23.8428308668532","0.874214445564985","890.831987697727","7649.54206019015"
109,"20230401","106","縣市","苗栗縣","100","0","7.83539345890526","2.09098729633625","3.84685272065449","23.3767494893127","15.8992458698503","7.49375062042398","12.6541857448852","23.7114899301985","3.09134486943327","690.288887358343","5925.3171010807"
110,"20230401","106","縣市","彰化縣","100","0","4.122894354994","5.24568034992082","5.06094562216235","22.6500814796888","4.80748314216934","22.3629680906892","18.8164496046984","14.0834932528506","2.85000410282634","364.820535505311","3128.43340422097"
111,"20230401","106","縣市","南投縣","100","0.114279291694833","7.75032113602922","5.23711421066877","4.45211440152325","16.2696917849822","28.188366475998","8.60840039804444","9.18139797253016","17.8653430436141","2.33297128491511","1548.08789916815","13274.10786704"
112,"20230401","106","縣市","雲林縣","100","0","10.5176205853173","3.59378112406481","6.91055677591704","24.2985034076162","0.857128620544136","11.7785008548191","27.2977647909913","14.7461438407301","0","134.59107444402","1153.93582042441"
113,"20230401","106","縣市","嘉義縣","99.9999999999999","1.17192772359342","8.31515440105635","2.49981824593353","5.69163136507783","19.7120107270227","20.7846699751987","4.53993804170456","8.17604222529869","27.711634524287","1.39717277082717","283.3824674001","2430.6873160963"
114,"20230401","106","縣市","屏東縣","100","0.23094012356047","10.5001524807884","4.72021928012182","4.92882360821065","19.10913639131","5.50755556219141","20.8732444964445","11.2754700384227","18.0022681809776","4.8521898379728","2920.58817982487","25061.1953880168"
115,"20230401","106","縣市","臺東縣","99.9999999999998","0","6.6282699237213","4.96098192772603","5.99049481798688","21.8192838708452","11.4100779996709","20.4742470697292","10.0298841384572","15.4133589177561","3.27340133410691","4133.60904946637","35461.1945930125"
116,"20230401","106","縣市","花蓮縣","100.000000000001","0.158515503510366","7.52632873776446","3.41695474985104","5.89593176998451","23.8444871843081","3.08629508470719","24.425319529771","13.0374258615034","15.7589334852829","2.84980809331818","4587.08738601324","39355.849155448"
117,"20230401","106","縣市","澎湖縣","100","0","4.1615189030905","4.57000956241597","4.55060421648187","37.698744593964","1.3665025480439","13.3392827980471","11.8017464266813","17.6681546321775","4.84343631909791","109.454889836078","939.517248190132"
118,"20230401","106","縣市","基隆市","99.9999999999999","0.20515137832569","5.24758742744384","2.84604410093953","3.09490484861249","28.009077825283","5.92754455171443","27.1450177298091","16.2964933761132","10.1048478632263","1.12333089853231","519.519852302618","4454.34194901637"
119,"20230401","106","縣市","新竹市","100","0","6.55407642411468","7.39340797012334","4.20998033974765","35.9560249024175","0","15.5099166753666","14.1319329140495","16.2446607741808","0","243.147662814632","2089.76091251097"
120,"20230401","106","縣市","嘉義市","99.9999999999999","0","7.55068741080837","11.2450139698033","13.9892201716017","29.8524883313782","9.78185531531325","10.583674914181","6.06796983054226","10.9290900563719","0","125.840747127611","1077.77884901243"
121,"20230401","108","總計","-","100","0.356485795982957","8.07793536996364","5.50630331264836","6.11201113307357","27.4678136405208","4.39039386909965","15.2747272869205","13.0354876357542","16.2134057548507","3.56543620118559","28236.1881145839","259407.25"
122,"20230401","108","行政區域","山地原住民族地區","100","0.362163763869226","8.68929641457874","4.95868040694037","4.82863069173279","20.6232509136404","7.42106476146578","14.9715207585685","12.6437954762454","20.0592631613604","5.44233365159846","8266.92163592836","75932.5"
123,"20230401","108","行政區域","平地原住民族地區","100","0.309450817510549","7.42393525843882","4.83419040084388","6.07405392932489","25.8595398206751","6.30233056434599","19.7685917721519","10.9333794831224","15.1412513185654","3.3532766350211","6605.24439263204","60672"
124,"20230401","108","行政區域","非原住民族地區","100","0.376213073404301","8.02302880025081","6.1769789357323","6.92431561996779","32.4945899012848","1.57182962107933","13.2419673012209","14.3162510611529","14.3651099018548","2.50971578405207","13364.0220860234","122802.75"
125,"20230401","108","統計區域","北部地區","100","0.490066613845115","6.93616328795482","5.41367544624874","6.40127838824907","31.3578606738216","3.21117682681201","12.9063324503064","14.7209394766398","15.6125032346531","2.9500036014694","10201.2927134324","93711.75"
126,"20230401","108","統計區域","北部地區_山地原住民族地區","100","0.474432435141411","6.84418903793789","2.74803294298458","4.54385994219943","22.3551227009238","12.9366365413207","10.5126877265665","14.9362690232372","17.5556706369757","7.09309901271278","1630.80946826526","14965.25"
127,"20230401","108","統計區域","北部地區_平地原住民族地區","100","0","3.39270568278202","3.30788804071247","8.7362171331637","18.9143341815098","1.61153519932146","11.1959287531807","18.8295165394402","15.8608990670059","18.1509754028838","32.0797210863022","294.75"
128,"20230401","108","統計區域","北部地區_非原住民族地區","100","0.494890171347357","6.96702113082245","5.93007804159882","6.74682209128541","33.1219507531699","1.36198363962563","13.369363972123","14.6644274984306","15.2408964745847","2.10256622701214","8538.40352408074","78451.75"
129,"20230401","108","統計區域","中部地區","100","0.285961077883495","9.46550798989648","5.98097082804382","5.51571149995419","25.1397086730621","4.12844036697248","12.9376120614064","13.3518302817731","21.0289363818398","2.16532083916816","4156.95937581592","38204.5"
130,"20230401","108","統計區域","中部地區_山地原住民族地區","100","0.363598587159776","8.89085116697832","4.34933167116836","3.29143292471778","18.2387977006718","7.54207355079992","10.8993005055752","10.8213865226124","33.3108248493663","2.2924025209502","1571.59409564879","14439"
131,"20230401","108","統計區域","中部地區_平地原住民族地區","100","0.861917326297274","4.48548812664908","6.03342128408091","10.0263852242744","23.6059806508355","4.55584872471416","12.8759894459103","14.0369393139842","20.7739665787159","2.74406332453826","154.757928376674","1421.25"
132,"20230401","108","統計區域","中部地區_非原住民族地區","100","0.199156382514517","10.1536189399957","7.03201047249292","6.66614453382861","29.6966781162939","1.89534220213254","14.2587019031742","14.943441825078","13.1085178513488","2.04638777314074","2430.60735179051","22344.25"
133,"20230401","108","統計區域","南部地區","100","0.184231359402641","8.93351056031744","6.06741792663976","6.34645269114614","25.3022469384364","4.76460412248209","16.3589628312011","12.1968978762083","14.5049209808732","5.340754713293","5568.06652635563","51158.5"
134,"20230401","108","統計區域","南部地區_山地原住民族地區","100","0.185627625653916","8.51311383680756","6.09373751010294","5.35300334840263","19.0317165670435","6.8913145810944","19.793766819728","12.0897762698617","15.9186791128953","6.12926432840991","3063.95696448936","28147.75"
135,"20230401","108","統計區域","南部地區_平地原住民族地區","100","1.15593834995467","5.07706255666364","2.42520398912058","4.85040797824116","31.3463281958296","5.39437896645512","20.0589301903898","10.0634632819583","16.7497733454216","2.87851314596555","119.918065008212","1103"
136,"20230401","108","統計區域","南部地區_非原住民族地區","100","0.133514395590601","9.66781161917586","6.21697801006493","7.69818899704442","33.0545126724561","2.0004336364985","11.7595371500953","12.4419440608917","12.5754584564823","4.45162100170031","2384.19149685809","21907.75"
137,"20230401","108","統計區域","東部地區","100","0.343235188157076","8.21177087086104","5.00638653260407","5.89820849572594","25.3086824091966","5.71840303933449","18.6254216749091","11.3699931221957","15.6859791045754","3.83191956244064","8309.86949897968","76332.5"
138,"20230401","108","統計區域","東部地區_山地原住民族地區","100","0.539974429422486","10.3030385462855","5.49903430265771","5.46503087511221","23.5235711759745","3.64652756997905","14.4160931421887","13.0573161774707","18.0286172846223","5.52079649628683","2000.56110752479","18380.5"
139,"20230401","108","統計區域","東部地區_平地原住民族地區","100","0.281316439942613","7.56140563151436","4.85843430764178","5.98672497536861","25.8456778386601","6.38644495531779","19.9760600141739","10.833491780893","14.9685409572537","3.30190309923427","6298.48867816083","57853"
140,"20230401","108","統計區域","東部地區_非原住民族地區","0","","","","","","","","","","","",""
141,"20230401","108","縣市","新北市","100","0.65273797361926","6.86098127672655","6.44510943757854","8.66911970780483","33.9821536736853","0.767554763992731","12.449033097974","11.6552603267306","17.4141812297149","1.10386851217329","3009.53599107587","27652.75"
142,"20230401","108","縣市","臺北市","100","0.764038048481129","9.08867750843817","8.30316047867444","10.4265111997545","41.9423135931267","1.33169683952133","5.85762503835532","11.6722921141454","9.61030991101565","1.00337526848727","886.87301903547","8147.5"
143,"20230401","108","縣市","桃園市","100","0.567505386553701","5.6348829565789","3.94186173903517","4.48015191907388","27.4433042398568","2.97337764306321","14.9508819340467","18.8540335244495","17.6971113464558","3.45688931088632","3726.81558842302","34228.75"
144,"20230401","108","縣市","臺中市","100","0.238506198022909","7.71065432292484","6.48360269888592","5.55311470265181","29.6406715832418","2.5247136356504","14.8972226580888","15.0776714263298","15.8575239290758","2.01631884512788","1733.34097287912","15932.5"
145,"20230401","108","縣市","臺南市","100","0.174825174825175","12.6210328133405","6.38111888111888","9.23211403980635","28.2813340505648","0.961538461538462","13.0782678859602","15.3711672942442","10.3550295857988","3.54357181280258","404.614339749671","3718"
146,"20230401","108","縣市","高雄市","100","0","7.64558657080457","6.23953833155319","7.62486250378613","32.031436815508","3.95032600551579","11.5114221492452","13.025873200593","14.0509174385053","3.92003698448883","1706.55113953867","15682.25"
147,"20230401","108","縣市","宜蘭縣","100","0","8.01099483375281","4.84501258444827","6.530666313419","29.0568287190356","15.6875082792423","4.98741555172871","14.7536097496357","14.4125049675454","1.71545900119221","821.723700930557","7549"
148,"20230401","108","縣市","新竹縣","100","0.114691425450573","7.90824685963954","4.84434735117422","3.83123975969416","27.8509011469143","2.44675040961223","13.99235390497","13.3506280720918","15.390496996177","10.2703440742764","997.150320861305","9155"
149,"20230401","108","縣市","苗栗縣","100","0.43529296683948","12.9658612931625","8.77433238775311","6.5049398415338","21.2119730020542","10.2318301868336","6.98425119827839","14.0712119730021","17.1573901985718","1.66291695197105","557.13611026911","5111.5"
150,"20230401","108","縣市","彰化縣","100","0.243217960710945","11.4312441534144","4.20018709073901","4.05051449953227","28.8026192703461","3.76987839101964","17.1188026192703","22.7876520112254","7.59588400374181","0","290.817300918702","2672.5"
151,"20230401","108","縣市","南投縣","100","0.319194877861019","9.70540190390357","4.91747873598828","5.24042884770649","18.8043335398712","3.91295367919037","11.8834375410729","9.3674308567566","32.9596875645431","2.88965245310652","1447.9074289956","13314.75"
152,"20230401","108","縣市","雲林縣","100","0","10.8459407628383","3.1110164074153","7.15959940336672","44.6835712763691","2.57830811847432","14.7027487747709","10.505007457916","3.32409972299169","3.08970807585766","127.757562753438","1173.25"
153,"20230401","108","縣市","嘉義縣","100","0.968345674993897","7.49450728293596","5.36251932622671","8.99991862641387","25.274635853202","25.1525754740011","2.21336154284319","4.28838798925869","18.6020017902189","1.64374643990561","334.435305951617","3072.25"
154,"20230401","108","縣市","屏東縣","100","0.207454038200157","9.28177981257601","6.08680878460548","4.92166821661063","20.6676085556907","3.51956506187853","21.2264825810144","12.3345732885042","14.9617283067458","6.79233135417412","3043.33592416671","27958"
155,"20230401","108","縣市","臺東縣","100","0.415139554553144","7.00803495912038","6.24259937975754","5.52086270087398","25.6674654637722","6.59007612066535","17.4675782351283","10.7823512827742","16.0184663095574","4.28742599379758","3861.1554625788","35470"
156,"20230401","108","縣市","花蓮縣","100","0.280819822575711","9.256653410829","3.93331293973692","6.22575711226675","24.9972468644846","4.96176200672989","19.6304680330376","11.8800856531049","15.397369226063","3.43652493117161","4448.71403640075","40862.5"
157,"20230401","108","縣市","澎湖縣","100","0","9.38388625592417","3.22274881516588","3.41232227488152","41.6113744075829","0.4739336492891","12.0379146919431","9.76303317535545","10.1421800947867","9.95260663507109","28.758733305957","263.75"
158,"20230401","108","縣市","基隆市","100","0.235011750587529","6.99534976748837","5.6052802640132","6.30531526576329","31.781589079454","5.12525626281314","23.9161958097905","14.5207260363018","3.55017750887544","1.96509825491275","543.719916376489","4999.75"
159,"20230401","108","縣市","新竹市","100","0","12.8852956038403","8.88074785245073","3.00656897422941","42.7488630621526","0.315816068721577","10.3208691258211","5.34360788276908","15.1718039413845","1.32642748863062","215.474176729574","1979"
160,"20230401","108","縣市","嘉義市","100","0","11.2008616047388","2.85406569736134","9.96230479267636","44.1572428648358","5.22347872913301","9.31610123855681","4.20032310177706","10.9316101238557","2.15401184706516","50.3710836430464","464.25"
161,"20230401","109","總計","-","100","0.331062323645464","8.51666609701541","5.36896312077746","6.83173261329414","27.7179960428226","3.89233211427964","15.7570285471235","12.9447552208538","15.0210391198508","3.61842480033723","28154.6141611707","263319"
162,"20230401","109","行政區域","山地原住民族地區","100","0.412538239504688","8.7689287624185","4.4462454702172","6.2169711987192","21.1344469429986","7.25961011482647","15.0725927795843","12.7102965160116","18.8757834738908","5.10258650182852","8047.49368770073","75265.75"
163,"20230401","109","行政區域","平地原住民族地區","100","0.339441632949348","7.86654953249442","4.21229331386596","6.70428158395097","27.1029502138524","4.74847086287465","20.2394651422727","10.3787475717344","14.9680149469803","3.43978519902498","6481.0880785688","60614.25"
164,"20230401","109","行政區域","非原住民族地區","100","0.278956991187941","8.67689639749213","6.46407300747809","7.255432010609","31.8987907940269","1.49640220026836","14.0292610582318","14.3037060868337","12.7696388075864","2.82684264628567","13626.0323949016","127439"
165,"20230401","109","統計區域","北部地區","100","0.427182738992131","7.41932446007032","5.48143730118868","7.07532856186171","31.3661476644902","2.48357190691445","14.0923216976394","14.8914908756069","14.305782270216","2.45741252302026","10218.2794896516","95568"
166,"20230401","109","統計區域","北部地區_山地原住民族地區","100","0.898276704109398","5.84490336984581","2.37040396288286","5.80827461103747","23.5226400613968","8.59206028047164","11.5642224237773","17.2033070536524","19.003348915091","5.1925626177353","1532.45761793142","14333"
167,"20230401","109","統計區域","北部地區_平地原住民族地區","100","0","7.25677830940989","5.18341307814992","3.90749601275917","30.622009569378","3.50877192982456","8.13397129186603","25.5980861244019","12.9186602870813","2.87081339712919","33.4766501075989","313.5"
168,"20230401","109","統計區域","北部地區_非原住民族地區","100","0.345396464474831","7.69881922604005","6.03362517995835","7.31202461644927","32.7582904419715","1.39765080973536","14.5631877807505","14.44053805231","13.4791124731993","1.97135495511082","8652.34522161264","80921.5"
169,"20230401","109","統計區域","中部地區","100","0.236305181923897","8.55051645119365","6.08174915583083","5.72791323868689","24.9270874142616","4.72921291718747","13.4874291861774","13.0539957340696","19.7824748614816","3.42331585918699","4298.21940867422","40202.25"
170,"20230401","109","統計區域","中部地區_山地原住民族地區","100","0.258473627074251","8.76914858787242","3.74959075009047","4.34235693484741","16.7008426240243","10.4009787534679","12.548033015698","9.57730946185791","30.013957575862","3.63930866920545","1551.03008345335","14508.25"
171,"20230401","109","統計區域","中部地區_平地原住民族地區","100","0","4.63441365273211","3.99248473461719","7.02990449350243","29.1686237670268","6.07483951777047","9.84812901205574","10.5839987474558","27.8064819163927","0.861124158446845","170.711156959564","1596.75"
172,"20230401","109","統計區域","中部地區_非原住民族地區","100","0.238616439635228","8.67837616325514","7.62431397773605","6.47584267914389","29.5988131425785","1.22524354438785","14.2941621969312","15.3108757223335","13.0907053709448","3.46305076305388","2576.47816826131","24097.25"
173,"20230401","109","統計區域","南部地區","100","0.235874660745127","10.8142116950407","5.71971379225265","7.08117443868739","25.299777942265","4.59610165309647","14.0059215396003","12.7268689859363","14.0350357759684","5.4853195164076","5417.21781340268","50662.5"
174,"20230401","109","統計區域","南部地區_山地原住民族地區","100","0.322126402400302","9.83958105160465","5.04357910043901","6.4646167155992","20.478035581162","6.61003377725419","15.6360155725107","12.4708935786403","17.2889841973991","5.84613402299062","2904.66529356888","27163.25"
175,"20230401","109","統計區域","南部地區_平地原住民族地區","100","1.15805275573665","6.69097147758953","0.836371434698692","5.38280077203517","25.627278576024","4.48209307312889","18.4001715633712","18.4645078275788","17.3922367574523","1.56551576238473","124.6054137187","1165.75"
176,"20230401","109","統計區域","南部地區_非原住民族地區","100","0.0828352027223677","12.2148342176551","6.79696420175969","7.91971701703719","31.1471556182417","2.15259587615018","11.793941836255","12.7387109051425","9.9021649092171","5.25108021581929","2387.94710611513","22333.5"
177,"20230401","109","統計區域","東部地區","100","0.323855045603082","8.34902209432766","4.62533938122876","6.94174836202832","26.236160561869","4.74207026613991","20.1668048578257","10.6114552341934","14.0701360776472","3.93340811913704","8220.89744944273","76886.25"
178,"20230401","109","統計區域","東部地區_山地原住民族地區","100","0.294633006684405","9.43474592770459","5.67330780712571","7.5838795509118","23.6225582451814","4.81796352780842","18.790317347005","12.0643779609319","12.628983061847","5.08923356479979","2059.34069274712","19261.25"
179,"20230401","109","統計區域","東部地區_平地原住民族地區","100","0.334125559953596","7.98338496565328","4.28149969802696","6.73725738964949","27.0563494718731","4.72381415840767","20.6310584698005","10.1263072825468","14.5737835266106","3.55241947747803","6152.29485778296","57538.25"
180,"20230401","109","統計區域","東部地區_非原住民族地區","0","","","","","","","","","","","",""
181,"20230401","109","縣市","新北市","100","0.251218893061282","7.02099909841303","6.20081755556139","9.58133102246965","32.8667839605052","1.00575089939865","13.9588421172413","12.9215794403158","14.6792363645913","1.51344064844236","3053.53677596819","28560.75"
182,"20230401","109","縣市","臺北市","100","0.687223616588981","8.29747818812","5.17210469702402","11.6439584080316","42.685550376479","0.531851320664515","5.31552527787738","10.7744711366081","13.9476514879885","0.944185490617904","894.645957678135","8367"
183,"20230401","109","縣市","桃園市","100","0.573373310786807","6.60267432111747","5.40974521478408","4.88468588805366","28.7986869964333","2.59971864209285","17.5791851988689","17.7596521393148","13.6344905006181","2.15778778793003","3762.09545878155","35186.5"
184,"20230401","109","縣市","臺中市","100","0.338160699845622","8.62897890171286","7.41895170183048","7.12930971109314","29.8096008233478","1.23208115856796","14.8423141953981","14.2983165478203","12.5619348673087","3.74035139307506","1817.95320589142","17003.75"
185,"20230401","109","縣市","臺南市","100","0.28045917036264","11.5836159666058","7.83981215757892","12.4315157839812","29.7156274458649","0.645708322462823","10.8400730498304","12.7706757109314","10.937907644143","2.95460474823898","409.785389763722","3833"
186,"20230401","109","縣市","高雄市","100","0.0392156862745098","11.2728758169935","6.62745098039216","6.7140522875817","29.0947712418301","5.33333333333333","11.797385620915","12.0065359477124","12.7483660130719","4.36601307189542","1635.9418634277","15300"
187,"20230401","109","縣市","宜蘭縣","100","0.210496772382823","10.1213864720741","3.13289362896436","5.71147909065394","27.7434746000561","8.921554869492","5.82374403592478","16.1415941622228","20.0954252034802","2.09795116474881","762.101586729141","7126"
188,"20230401","109","縣市","新竹縣","100","0.668851402170409","8.05576447834963","6.37154829698077","5.15740840227786","27.2268185236918","2.86343612334802","11.8163747716772","14.5508756849683","14.6529493929301","8.63597292360589","994.983514055785","9307"
189,"20230401","109","縣市","苗栗縣","100","0","10.6013452464612","4.88404778636683","3.11715691195663","18.1809055315731","7.72512799919687","9.10049191848208","14.5818692902319","30.6645919084429","1.14446340728842","532.494349796898","4980.5"
190,"20230401","109","縣市","彰化縣","100","0","5.06506341624115","4.18382474056992","3.16257618184813","28.9985175424148","1.40833470597925","19.5025531213968","18.5554274419371","17.0812057321693","2.04249711744358","324.457092917394","3035.5"
191,"20230401","109","縣市","南投縣","100","0.268312315535283","8.26580806725695","5.14801896073696","5.45031750290672","19.9946337536893","9.04570253107951","12.3387890170826","9.24067614703515","25.9762096413559","4.27153206332171","1494.44915755055","13976.25"
192,"20230401","109","縣市","雲林縣","100","0","11.0466321243523","7.7720207253886","6.42487046632124","30.860103626943","0","10.6735751295337","19.5440414507772","11.6683937823834","2.01036269430052","128.865602517956","1206.25"
193,"20230401","109","縣市","嘉義縣","100","0.422523766961892","6.69537661493459","2.21012431949297","8.6779881368327","20.8174209799301","19.3873405379053","6.71162752904851","4.41212318192898","26.4646136345169","4.20086129844804","328.952819981171","3076.75"
194,"20230401","109","縣市","屏東縣","100","0.325113427456236","10.9152984432591","5.23985039348686","6.41985818171939","22.8503119821052","3.22849406373672","16.578973583402","14.256993561124","13.7063836338444","6.47872272986606","2952.04393063759","27605.75"
195,"20230401","109","縣市","臺東縣","100","0.197991114545103","8.8785562515522","5.54651066530533","6.66133171445128","26.6004856646155","5.26780540301885","19.1747840724082","11.6111095780789","12.6610833632275","3.40034217279726","3874.93335185197","36239"
196,"20230401","109","縣市","花蓮縣","100","0.436068860747037","7.8769166425773","3.80407038606548","7.19175343965459","25.9113470160958","4.27335182576927","21.0512396287572","9.72021477467725","15.326375093026","4.40866233263013","4345.96409759089","40647.25"
197,"20230401","109","縣市","澎湖縣","100","0","3.69369369369369","4.5045045045045","0.720720720720721","42.7927927927928","0","15.2252252252252","5.4954954954955","13.0630630630631","14.5045045045045","29.6513423698117","277.5"
198,"20230401","109","縣市","基隆市","100","0","5.67150635208711","3.8515829804396","5.9134906231095","33.4240774349667","4.53216374269006","23.7396652550918","16.2986489211535","5.08166969147005","1.48719499899173","530.438197552468","4959"
199,"20230401","109","縣市","新竹市","100","0","15.3025342548806","6.01430823329696","7.37237783436401","34.7156541772766","0","7.69976961319268","3.7710682672487","22.6506608463684","2.47362677337214","220.477998886468","2061.75"
200,"20230401","109","縣市","嘉義市","100","0","14.1352063213345","9.87708516242318","7.46268656716418","28.0509218612818","0","8.73573309920983","6.05794556628622","18.7006145741879","6.97980684811238","60.8424672227093","569.5"
201,"20230401","110","總計","-","99.9999999999981","0.479465734614895","7.82761203345383","5.84621145924343","7.22094619897626","28.2439146174006","3.42404194232923","15.7931594058167","12.9524403944574","14.7493446511044","3.46286356260136","21074.7637846523","267033.333333339"
202,"20230401","110","行政區域","山地原住民族地區","99.9999999999997","0.388758473925538","8.1253153726333","4.92793049735634","6.12316535398519","21.2127860292665","6.86996774972026","14.9518439700752","12.5973541607248","19.9552445097738","4.84763388253877","5996.69380257615","75968.3333333336"
203,"20230401","110","行政區域","平地原住民族地區","99.9999999999993","0.463157661745498","6.81732663405559","5.49259611766524","8.08838177029144","27.2958675490824","4.04004072688635","20.9422519312068","9.9891542530821","12.8405896544854","4.03063370149845","4754.91564012289","60238.6666666672"
204,"20230401","110","行政區域","非原住民族地區","100.000000000001","0.539646707212366","8.1199248877011","6.54226085981677","7.45899780625214","32.7632816023281","1.13942402013867","13.9108079667958","14.5230700241288","12.6052604088373","2.39732571678997","10323.1543419532","130826.333333332"
205,"20230401","110","統計區域","北部地區","100","0.633269712553863","7.22632612034161","5.57840102787678","7.971807971469","31.8706204212532","1.85743295239969","14.0736396397008","14.960827454344","13.8454862582507","1.98218844181073","7758.65307909498","98325.6666666663"
206,"20230401","110","統計區域","北部地區_山地原住民族地區","100","0.885739592559788","6.4472518763694","3.8319891846534","7.57307351638619","22.4604913523845","6.78056967041164","10.8386555405343","17.3488415458487","20.0969651764487","3.73642254440353","1127.96363755168","14300.6666666667"
207,"20230401","110","統計區域","北部地區_平地原住民族地區","100","0","2.88461538461538","0","3.67132867132867","47.9895104895105","0","12.5874125874126","19.8426573426573","10.4020979020979","2.62237762237762","30.1135717120181","381.333333333333"
208,"20230401","110","統計區域","北部地區_非原住民族地區","100","0.592991698913248","7.37931941450042","5.90241939019094","8.05958610135855","33.405996070633","1.02418593159076","14.6335048280205","14.530289203008","12.7923612467173","1.67934611506749","6600.57586983125","83643.6666666665"
209,"20230401","110","統計區域","中部地區","99.9999999999995","0.372851156498497","9.27920942356548","6.80948295773251","4.48576236513015","25.9445012703335","5.74784703203878","11.5229154980697","13.5744217507506","19.7701851057511","2.49282344012933","3189.8030821235","40409.3333333335"
210,"20230401","110","統計區域","中部地區_山地原住民族地區","99.9999999999999","0.351360661384774","9.45918015845676","4.72844184177288","2.71672981972672","16.7068549776094","13.0508669192789","9.76920427144333","8.93328740383511","31.3514754851303","2.93259846136181","1146.63324902965","14515"
211,"20230401","110","統計區域","中部地區_平地原住民族地區","100","0","4.39786272092067","4.93218249075216","4.87053020961775","33.4977394163584","4.39786272092067","14.4677353062063","16.2967529798603","14.7965474722565","2.34278668310727","128.003131077939","1622"
212,"20230401","110","統計區域","中部地區_非原住民族地區","100","0.410618399549558","9.49778211132021","8.17940865457246","5.51794223876296","30.9639232596785","1.4708103876842","12.3748575195353","16.1679278190533","13.1768680390569","2.23986157078705","1915.16670201593","24272.3333333332"
213,"20230401","110","統計區域","南部地區","99.9999999999999","0.390715517907258","8.67233965859058","6.03259610185637","6.63830170704704","26.2815726460516","3.89041942377507","16.0186925513015","11.7195344885296","15.0402945492932","5.31553335564767","4086.92057419763","51785.3333333334"
214,"20230401","110","統計區域","南部地區_山地原住民族地區","100","0.331627135750847","8.29908922692428","4.85425227693269","6.14231129695047","21.4392137072549","6.16754379640978","18.1037175882537","11.0326100016822","18.2046475860909","5.42498738375027","2190.07648047417","27742"
215,"20230401","110","統計區域","南部地區_平地原住民族地區","100","0","3.57142857142857","11.8681318681319","5.46703296703297","25.4395604395604","2.47252747252747","27.1428571428571","7.11538461538462","12.0054945054945","4.91758241758242","95.7732079920511","1213.33333333333"
216,"20230401","110","統計區域","南部地區_非原住民族地區","100","0.483282230982626","9.39699226164405","7.15432909913857","7.3032559497737","32.2105416849175","1.19871514089648","12.8938531172434","12.7989487516426","11.3564023945102","5.20367936925099","1801.0708857314","22830"
217,"20230401","110","統計區域","東部地區","99.9999999999993","0.398189414435017","7.26194677157253","5.55548294625311","8.09492068885892","26.1258435385706","3.89432732563963","20.105515838267","10.8774543759447","13.0622682855636","4.62405081489417","6039.38704923628","76513.0000000006"
218,"20230401","110","統計區域","東部地區_山地原住民族地區","100","0.132229701882127","8.11581261162248","5.98983376837478","7.57487292210469","23.3394010166231","3.31776342904245","17.3530017859596","14.0730182717406","13.8308833630993","6.27318312955076","1532.02043552065","19410.6666666667"
219,"20230401","110","統計區域","東部地區_平地原住民族地區","99.9999999999992","0.489284837431163","6.98151590614143","5.40960798756031","8.26523096348771","27.0205651619841","4.09023417862108","21.0503548338067","9.80498754866534","12.8190289128172","4.06918966948426","4501.0257293409","57022.0000000005"
220,"20230401","110","統計區域","東部地區_非原住民族地區","0","","","","","","","","","","","",""
221,"20230401","110","縣市","新北市","100","0.402941243426595","6.85000113825212","5.58540305506865","10.5003756231931","32.5836046167505","0.2242356637148","13.9128554192183","14.5958066792634","14.4000273180504","0.944749243062356","2310.53162614939","29284.6666666666"
222,"20230401","110","縣市","臺北市","100","1.78158353962907","9.89002069721196","9.04184083438172","13.0270687066272","38.6429122194716","0.596566697780123","6.56629195243699","7.28054867903088","12.097723306684","1.07544336674648","648.208337066922","8213.66666666667"
223,"20230401","110","縣市","桃園市","99.9999999999997","0.712400332453486","6.03987615194218","5.13384906246288","6.02069614299152","30.7546876855209","1.77278082729771","17.8940350172163","16.7204011361871","12.6670259112787","2.28424773264894","2879.55543301215","36496.3333333334"
224,"20230401","110","縣市","臺中市","99.9999999999998","0.439850884632832","10.3295922996509","8.90747352018775","5.04546440758199","32.128838833113","1.23276593226691","11.085031262944","14.3257263456873","14.5900313615653","1.91522515236987","1333.50567496389","16899.6666666667"
225,"20230401","110","縣市","臺南市","99.9999999999999","1.20793068977008","11.3878707097634","7.13928690436521","7.85571476174608","32.9890036654448","0.62479173608797","10.9296901032989","16.3112295901366","9.73842052649116","1.8160613128957","315.652291025701","4001.33333333334"
226,"20230401","110","縣市","高雄市","99.9999999999999","0.27314883435323","8.11400258326804","6.50475363669087","7.78156562983039","31.0669744002371","3.55728714506532","12.7596502000974","12.7998814237618","12.6347216634552","4.50801448324052","1242.26632546488","15742.3333333333"
227,"20230401","110","縣市","宜蘭縣","99.9999999999999","0","8.79909035248841","3.23624595469255","7.07163474153765","29.3448788594419","6.88795591708212","7.57893816146242","13.3866876585323","20.4233359573165","3.27123239744599","601.198457577301","7622.00000000001"
228,"20230401","110","縣市","新竹縣","100","0.822363074922802","9.79034617259874","6.52689744839916","5.62652364700147","27.4305216967333","3.00666341621973","10.2096538274013","17.3053794896798","15.4786283113928","3.8030229156509","809.872728073076","10255"
229,"20230401","110","縣市","苗栗縣","100","0.759887885393958","9.46745562130178","4.24789785113672","3.15166614761757","24.4098411709748","6.07910308315167","12.3824353783868","19.3148551853005","19.5702273435067","0.616630333229524","422.398894944234","5351.66666666667"
230,"20230401","110","縣市","彰化縣","100","0.842945874001774","7.0430346051464","5.63442768411712","4.34782608695652","31.6326530612245","1.60825199645075","15.7386867790594","19.4321206743567","11.8566992014197","1.86335403726708","237.224811715171","3005.33333333334"
231,"20230401","110","縣市","南投縣","99.9999999999999","0.0731149319559423","8.29972405009551","5.70532323875563","4.36095190924314","17.674945163801","12.0851906884596","10.8563881223614","8.51906884596334","28.2884030283733","4.13689002099105","1116.04235652314","14133"
232,"20230401","110","縣市","雲林縣","100","0","11.0493625367767","4.2497548218372","4.34782608695652","29.3559986923831","3.20366132723112","11.0820529584832","23.7986270022883","11.9320039228506","0.9807126511932","80.631343977076","1019.66666666667"
233,"20230401","110","縣市","嘉義縣","100","2.24181086081184","7.16073566220481","6.23571661769507","11.6334748068343","14.4847099793231","23.0928283817608","6.98661443029709","3.26477309826967","21.7325062574818","3.16682990532158","241.896335459399","3063"
234,"20230401","110","縣市","屏東縣","100","0.149750023582681","8.88241675313652","5.52188472785588","5.38982171493256","23.5685312706349","2.53985473068579","19.6762097915291","11.5543344967456","16.2767663427979","6.44043014809925","2231.16968458802","28269.3333333333"
235,"20230401","110","縣市","臺東縣","100","0.181040938000588","7.38760770040097","5.65587056046864","7.489976398328","26.0822172301685","4.91180178386936","18.9420005497579","11.4690856010844","13.5335210092796","4.3468782286424","2775.74278046794","35166.9999999999"
236,"20230401","110","縣市","花蓮縣","100","0.582885889807963","7.15506538318903","5.4700978732324","8.60945839178317","26.1629500636902","3.02891049517084","21.0951482610168","10.3742401522114","12.6614424611813","4.85980102871701","3263.64426876835","41346"
237,"20230401","110","縣市","澎湖縣","100","0","0","4.42857142857143","0","51.1428571428571","0","21.1428571428571","1.57142857142857","10.5714285714286","11.1428571428571","18.4282218257583","233.333333333333"
238,"20230401","110","縣市","基隆市","99.9999999999999","0.321223709369025","5.69024856596558","3.58699808795411","6.01912045889101","37.3843212237093","4.91013384321224","18.5697896749522","10.5621414913958","11.434034416826","1.52198852772467","344.059657080512","4358.33333333333"
239,"20230401","110","縣市","新竹市","100","0","7.63480197232385","7.66661364720853","5.6147606171465","34.2452680133609","0.82710354700175","12.3906473675839","22.9203117544139","6.56911086368698","2.13138221727374","165.226840135577","2095.66666666666"
240,"20230401","110","縣市","嘉義市","100","0","5.81232492997199","10.9243697478992","3.8515406162465","36.484593837535","0.910364145658263","4.97198879551821","6.58263305322129","24.859943977591","5.60224089635854","37.5077158338739","476"
